stock_code,stock_name,stock_type,wics_code
000020,동화약품,KOSPI,352020
000030,우리은행,KOSPI,401010
000040,KR모터스,KOSPI,251020
000050,경방,KOSPI,252060
000060,메리츠화재,KOSPI,404010
000070,삼양홀딩스,KOSPI,302020
000075,삼양홀딩스우,KOSPI,
000080,하이트진로,KOSPI,302010
000087,하이트진로2우B,KOSPI,
000100,유한양행,KOSPI,352020
000105,유한양행우,KOSPI,
000120,CJ대한통운,KOSPI,203040
000140,하이트진로홀딩스,KOSPI,302010
000145,하이트진로홀딩스우,KOSPI,
000150,두산,KOSPI,201050
000155,두산우,KOSPI,
000157,두산2우B,KOSPI,
000180,성창기업지주,KOSPI,151060
000210,대림산업,KOSPI,201030
000215,대림산업우,KOSPI,
000220,유유제약,KOSPI,352020
000225,유유제약1우,KOSPI,
000227,유유제약2우B,KOSPI,
000230,일동홀딩스,KOSPI,352020
000240,한국타이어월드와이드,KOSPI,251010
000250,삼천당제약,KOSDAQ,
000270,기아차,KOSPI,251020
000300,대유플러스,KOSPI,251010
000320,노루홀딩스,KOSPI,201025
000325,노루홀딩스우,KOSPI,
000327,노루홀딩스2우B,KOSPI,
000370,한화손해보험,KOSPI,404010
000390,삼화페인트,KOSPI,201025
000400,롯데손해보험,KOSPI,404010
000430,대원강업,KOSPI,251010
000440,중앙에너비스,KOSDAQ,
000480,조선내화,KOSPI,151040
000490,대동공업,KOSPI,201060
000500,가온전선,KOSPI,201040
000520,삼일제약,KOSPI,352020
000540,흥국화재,KOSPI,404010
000545,흥국화재우,KOSPI,
000547,흥국화재2우B,KOSPI,
000590,CS홀딩스,KOSPI,151050
000640,동아쏘시오홀딩스,KOSPI,352020
000650,천일고속,KOSPI,203040
000660,SK하이닉스,KOSPI,453010
000670,영풍,KOSPI,151040
000680,LS네트웍스,KOSPI,252060
000700,유수홀딩스,KOSPI,203030
000720,현대건설,KOSPI,201030
000725,현대건설우,KOSPI,
000760,이화산업,KOSPI,151010
000810,삼성화재,KOSPI,404010
000815,삼성화재우,KOSPI,
000850,화천기공,KOSPI,201060
000860,강남제비스코,KOSPI,201025
000880,한화,KOSPI,151010
000885,한화우,KOSPI,
00088K,한화3우B,KOSPI,
000890,보해양조,KOSPI,302010
000910,유니온,KOSPI,201025
000950,전방,KOSPI,252060
000970,한국주철관,KOSPI,151050
000990,동부하이텍,KOSPI,453010
000995,동부하이텍1우,KOSPI,
001000,신라섬유,KOSDAQ,
001020,페이퍼코리아,KOSPI,151060
001040,CJ,KOSPI,302020
001045,CJ우,KOSPI,
001060,JW중외제약,KOSPI,352020
001065,JW중외제약우,KOSPI,
001067,JW중외제약2우B,KOSPI,
001070,대한방직,KOSPI,252060
001080,만호제강,KOSPI,151050
001120,LG상사,KOSPI,201070
001130,대한제분,KOSPI,302020
001140,국보,KOSPI,203040
001200,유진투자증권,KOSPI,402010
001210,금호전기,KOSPI,454020
001230,동국제강,KOSPI,151050
001250,GS글로벌,KOSPI,201070
001270,부국증권,KOSPI,402010
001275,부국증권우,KOSPI,
001290,골든브릿지증권,KOSPI,402010
001340,백광산업,KOSPI,151010
001360,삼성제약,KOSPI,352020
001380,SG충방,KOSPI,252060
001390,KG케미칼,KOSPI,151010
001420,태원물산,KOSPI,251010
001430,세아베스틸,KOSPI,151050
001450,현대해상,KOSPI,404010
001460,BYC,KOSPI,252060
001465,BYC우,KOSPI,
001470,삼부토건,KOSPI,201030
001500,현대차투자증권,KOSPI,402010
001510,SK증권,KOSPI,402010
001515,SK증권우,KOSPI,
001520,동양,KOSPI,201025
001525,동양우,KOSPI,
001527,동양2우B,KOSPI,
001529,동양3우B,KOSPI,
001530,동일방직,KOSPI,252060
001540,안국약품,KOSDAQ,
001550,조비,KOSPI,151010
001560,제일연마,KOSPI,151040
001570,금양,KOSPI,151010
001620,동국실업,KOSPI,251010
001630,종근당홀딩스,KOSPI,352020
001680,대상,KOSPI,302020
001685,대상우,KOSPI,
001689,대상3우B,KOSPI,
001720,신영증권,KOSPI,402010
001725,신영증권우,KOSPI,
001740,SK네트웍스,KOSPI,201070
001745,SK네트웍스우,KOSPI,
001750,한양증권,KOSPI,402010
001755,한양증권우,KOSPI,
001770,신화실업,KOSPI,151050
001780,알루코,KOSPI,151040
001790,대한제당,KOSPI,302020
001795,대한제당우,KOSPI,
001799,대한제당3우B,KOSPI,
001800,오리온홀딩스,KOSPI,302020
001810,무림SP,KOSDAQ,
001820,삼화콘덴서,KOSPI,453520
001840,이화공영,KOSDAQ,
001880,삼호,KOSPI,201030
001940,KISCO홀딩스,KOSPI,151050
002000,한국유리,KOSPI,201020
002005,한국유리우,KOSPI,
002020,코오롱,KOSPI,151010
002025,코오롱우,KOSPI,
002030,아세아,KOSPI,151030
002070,남영비비안,KOSPI,252060
002100,경농,KOSPI,151010
002140,고려산업,KOSPI,302020
002150,도화엔지니어링,KOSPI,201030
002170,삼양통상,KOSPI,252060
002200,수출포장,KOSPI,151030
002210,동성제약,KOSPI,352020
002220,한일철강,KOSPI,151050
002230,피에스텍,KOSDAQ,
002240,고려제강,KOSPI,151050
002250,알보젠코리아,KOSPI,352020
002270,롯데푸드,KOSPI,302020
002290,삼일기업공사,KOSDAQ,
002300,한국제지,KOSPI,151060
002310,아세아제지,KOSPI,151030
002320,한진,KOSPI,203040
002350,넥센타이어,KOSPI,251010
002355,넥센타이어1우B,KOSPI,
002360,SH에너지화학,KOSPI,151010
002380,KCC,KOSPI,201025
002390,한독,KOSPI,352020
002420,세기상사,KOSPI,254020
002450,삼익악기,KOSPI,252050
002460,화성산업,KOSPI,201030
002550,KB손해보험,KOSPI,
002600,조흥,KOSPI,302020
002620,제일파마홀딩스,KOSPI,352020
002630,오리엔트바이오,KOSPI,352010
002680,한탑,KOSDAQ,
002690,동일제강,KOSPI,
002700,신일산업,KOSPI,252040
002710,TCC동양,KOSPI,151050
002720,국제약품,KOSPI,352020
002760,보락,KOSPI,302020
002780,진흥기업,KOSPI,201030
002785,진흥기업우B,KOSPI,
002787,진흥기업2우B,KOSPI,
002790,아모레G,KOSPI,252065
002795,아모레G우,KOSPI,
002810,삼영무역,KOSPI,151010
002820,선창산업,KOSPI,151060
002840,미원상사,KOSPI,151010
002870,신풍제지,KOSPI,151030
002880,대유에이텍,KOSPI,251010
002900,동양물산,KOSPI,201060
002920,유성기업,KOSPI,251010
002960,한국쉘석유,KOSPI,101020
002990,금호산업,KOSPI,201030
002995,금호산업우,KOSPI,
003000,부광약품,KOSPI,352020
003010,혜인,KOSPI,201070
003030,세아제강,KOSPI,151050
003060,에이프로젠제약,KOSPI,352020
003070,코오롱글로벌,KOSPI,201030
003075,코오롱글로벌우,KOSPI,
003080,성보화학,KOSPI,151010
003090,대웅,KOSPI,352020
003100,선광,KOSDAQ,
003120,일성신약,KOSPI,352020
003160,디아이,KOSPI,453010
003200,일신방직,KOSPI,252060
003220,대원제약,KOSPI,352020
003230,삼양식품,KOSPI,302020
003240,태광산업,KOSPI,151010
003280,흥아해운,KOSPI,203030
003300,한일시멘트,KOSPI,201025
003310,대주산업,KOSDAQ,
003350,한국화장품제조,KOSPI,252065
003410,쌍용양회,KOSPI,201025
003415,쌍용양회우,KOSPI,
003419,쌍용양회3우B,KOSPI,
003460,유화증권,KOSPI,402010
003465,유화증권우,KOSPI,
003470,유안타증권,KOSPI,402010
003475,동양증권1우,KOSPI,
003480,한진중공업홀딩스,KOSPI,201065
003490,대한항공,KOSPI,203020
003495,대한항공우,KOSPI,
003520,영진약품,KOSPI,352020
003530,한화투자증권,KOSPI,402010
003535,한화투자증권우,KOSPI,
003540,대신증권,KOSPI,402010
003545,대신증권우,KOSPI,
003547,대신증권2우B,KOSPI,
003550,LG,KOSPI,201050
003555,LG우,KOSPI,
003560,IHQ,KOSPI,254020
003570,S&T중공업,KOSPI,251010
003580,동원,KOSPI,201025
003610,방림,KOSPI,252060
003620,쌍용차,KOSPI,251020
003650,미창석유,KOSPI,101020
003670,포스코켐텍,KOSDAQ,
003680,한성기업,KOSPI,302020
003690,코리안리,KOSPI,404010
003720,삼영화학,KOSPI,151010
003780,진양산업,KOSPI,151010
003800,에이스침대,KOSDAQ,
003830,대한화섬,KOSPI,151010
003850,보령제약,KOSPI,352020
003920,남양유업,KOSPI,302020
003925,남양유업우,KOSPI,
003960,사조대림,KOSPI,302020
004000,롯데정밀화학,KOSPI,151010
004020,현대제철,KOSPI,151050
004060,SG세계물산,KOSPI,252060
004080,신흥,KOSPI,351010
004090,한국석유,KOSPI,151010
004100,태양금속,KOSPI,251010
004105,태양금속우,KOSPI,
004130,대덕GDS,KOSPI,452030
004135,대덕GDS우,KOSPI,
004140,동방,KOSPI,203040
004150,한솔홀딩스,KOSPI,151060
004170,신세계,KOSPI,255030
004200,고려개발,KOSPI,201030
004250,NPC,KOSPI,151010
004255,NPC우,KOSPI,
004270,남성,KOSPI,452030
004310,현대약품,KOSPI,352020
004360,세방,KOSPI,203040
004365,세방우,KOSPI,
004370,농심,KOSPI,302020
004380,삼익THK,KOSPI,201060
004410,서울식품,KOSPI,302020
004415,서울식품우,KOSPI,
004430,송원산업,KOSPI,151010
004440,대림씨엔에스,KOSPI,
004450,삼화왕관,KOSPI,151030
004490,세방전지,KOSPI,251010
004540,깨끗한나라,KOSPI,151060
004545,깨끗한나라우,KOSPI,
004560,현대비앤지스틸,KOSPI,151040
004565,현대비앤지스틸우,KOSPI,
004590,한국가구,KOSDAQ,
004650,창해에탄올,KOSDAQ,
004690,삼천리,KOSPI,551020
004700,조광피혁,KOSPI,252060
004710,한솔테크닉스,KOSPI,454020
004720,우리들제약,KOSPI,352020
004740,보루네오,KOSPI,
004770,써니전자,KOSPI,452030
004780,대륙제관,KOSDAQ,
004800,효성,KOSPI,151010
004830,덕성,KOSPI,252060
004835,덕성우,KOSPI,
004840,DRB동일,KOSPI,251010
004870,티웨이홀딩스,KOSPI,201025
004890,동일산업,KOSPI,151050
004910,조광페인트,KOSPI,201025
004920,씨아이테크,KOSPI,451020
004960,한신공영,KOSPI,201030
004970,신라교역,KOSPI,302020
004980,성신양회,KOSPI,201025
004985,성신양회우,KOSPI,
004987,성신양회2우B,KOSPI,
004989,성신양회3우B,KOSPI,
004990,롯데지주,KOSPI,302020
005010,휴스틸,KOSPI,151050
005030,부산주공,KOSPI,251010
005070,코스모신소재,KOSPI,151010
005090,삼광글라스,KOSPI,151030
005110,한창,KOSPI,452010
005160,동국산업,KOSDAQ,
005180,빙그레,KOSPI,302020
005190,동성화학,KOSPI,151010
005250,녹십자홀딩스,KOSPI,352020
005255,녹십자홀딩스1우,KOSPI,
005257,녹십자홀딩스2우,KOSPI,
005290,동진쎄미켐,KOSDAQ,
005300,롯데칠성,KOSPI,302010
005305,롯데칠성우,KOSPI,
005320,국동,KOSPI,252060
005360,모나미,KOSPI,202010
005380,현대차,KOSPI,251020
005385,현대차우,KOSPI,
005387,현대차2우B,KOSPI,
005389,현대차3우B,KOSPI,
005390,신성통상,KOSPI,252060
005420,코스모화학,KOSPI,151010
005430,한국공항,KOSPI,203050
005440,현대그린푸드,KOSPI,301010
005450,신한,KOSPI,201030
005490,POSCO,KOSPI,151050
005500,삼진제약,KOSPI,352020
005610,SPC삼립,KOSPI,302020
005620,대성합동지주,KOSPI,
005670,푸드웰,KOSDAQ,
005680,삼영전자,KOSPI,453520
005690,파미셀,KOSPI,352010
005710,대원산업,KOSDAQ,
005720,넥센,KOSPI,251010
005725,넥센우,KOSPI,
005740,크라운해태홀딩스,KOSPI,302020
005745,크라운해태홀딩스우,KOSPI,
005750,대림B&Co,KOSPI,201020
005800,신영와코루,KOSPI,252060
005810,풍산홀딩스,KOSPI,151040
005820,원림,KOSPI,151030
005830,동부화재,KOSPI,404010
005850,에스엘,KOSPI,251010
005860,한일사료,KOSDAQ,
005870,휴니드,KOSPI,452010
005880,대한해운,KOSPI,203030
005930,삼성전자,KOSPI,453010
005935,삼성전자우,KOSPI,
005940,NH투자증권,KOSPI,402010
005945,NH투자증권우,KOSPI,
005950,이수화학,KOSPI,151010
005960,동부건설,KOSPI,201030
005965,동부건설우,KOSPI,
005980,성지건설,KOSPI,201030
005990,매일유업,KOSDAQ,
006040,동원산업,KOSPI,302020
006050,국영지앤엠,KOSDAQ,
006060,화승인더,KOSPI,151010
006090,사조오양,KOSPI,302020
006110,삼아알미늄,KOSPI,151040
006120,SK케미칼,KOSPI,151010
006125,SK케미칼우,KOSPI,
006140,피제이전자,KOSDAQ,
006200,한국전자홀딩스,KOSPI,453010
006220,제주은행,KOSPI,401010
006260,LS,KOSPI,201040
006280,녹십자,KOSPI,352020
006340,대원전선,KOSPI,201040
006345,대원전선우,KOSPI,
006360,GS건설,KOSPI,201030
006370,대구백화점,KOSPI,255030
006380,카프로,KOSPI,151010
006400,삼성SDI,KOSPI,453520
006405,삼성SDI우,KOSPI,
006490,인스코비,KOSPI,101020
006570,대림통상,KOSPI,201020
006580,대양제지,KOSDAQ,
006650,대한유화,KOSPI,151010
006660,삼성공조,KOSPI,251010
006730,서부T&D,KOSDAQ,
006740,영풍제지,KOSPI,151060
006800,미래에셋대우,KOSPI,402010
006805,미래에셋대우우,KOSPI,
006840,AK홀딩스,KOSPI,151010
006880,신송홀딩스,KOSPI,302020
006890,태경화학,KOSPI,151010
006910,보성파워텍,KOSDAQ,
006920,모헨즈,KOSDAQ,
006980,우성사료,KOSPI,302020
007070,GS리테일,KOSPI,255030
007110,일신석재,KOSPI,201025
007120,미래아이앤지,KOSPI,451020
007160,사조산업,KOSPI,302020
007190,한솔아트원제지,KOSPI,
007197,한솔아트원제지2우B,KOSPI,
007210,벽산,KOSPI,201025
007310,오뚜기,KOSPI,302020
007330,푸른저축은행,KOSDAQ,
007340,동아타이어,KOSPI,251010
007370,진양제약,KOSDAQ,
007390,네이처셀,KOSDAQ,
007460,나라케이아이씨,KOSPI,201060
007530,영신금속,KOSDAQ,
007540,샘표,KOSPI,302020
007570,일양약품,KOSPI,352020
007575,일양약품우,KOSPI,
007590,동방아그로,KOSPI,151010
007610,선도전기,KOSPI,201040
007630,암니스,KOSPI,452010
007660,이수페타시스,KOSPI,452030
007690,국도화학,KOSPI,151010
007700,F&F,KOSPI,252060
007720,대명코퍼레이션,KOSDAQ,
007770,한일화학,KOSDAQ,
007810,코리아써키트,KOSPI,452030
007815,코리아써우,KOSPI,
00781K,코리아써키트2우B,KOSPI,
007820,에스엠코어,KOSDAQ,
007860,서연,KOSPI,251010
007980,태평양물산,KOSPI,252060
008000,도레이케미칼,KOSPI,151010
008040,사조동아원,KOSPI,302020
008060,대덕전자,KOSPI,452030
008110,대동전자,KOSPI,452030
008250,이건산업,KOSPI,201025
008260,NI스틸,KOSPI,151050
008290,원풍물산,KOSDAQ,
008350,남선알미늄,KOSPI,201020
008355,남선알미우,KOSPI,
008370,원풍,KOSDAQ,
008420,문배철강,KOSPI,151050
008470,부스타,KOSDAQ,
008490,서흥,KOSPI,352030
008500,일정실업,KOSPI,251010
008560,메리츠종금증권,KOSPI,402010
008600,윌비스,KOSPI,252060
008700,아남전자,KOSPI,453510
008730,율촌화학,KOSPI,151010
008770,호텔신라,KOSPI,253010
008775,호텔신라우,KOSPI,
008800,행남생활건강,KOSDAQ,
008830,대동기어,KOSDAQ,
008870,금비,KOSPI,151030
008930,한미사이언스,KOSPI,352020
008970,동양철관,KOSPI,151050
009070,KCTC,KOSPI,203040
009140,경인전자,KOSPI,453520
009150,삼성전기,KOSPI,452030
009155,삼성전기우,KOSPI,
009160,SIMPAC,KOSPI,201060
009180,한솔로지스틱스,KOSPI,203040
009190,대양금속,KOSPI,151040
009200,무림페이퍼,KOSPI,151060
009240,한샘,KOSPI,201035
009270,신원,KOSPI,252060
009275,신원우,KOSPI,
009290,광동제약,KOSPI,352020
009300,삼아제약,KOSDAQ,
009310,참엔지니어링,KOSPI,454020
009320,대우부품,KOSPI,251010
009410,태영건설,KOSPI,201030
009415,태영건설우,KOSPI,
009420,한올바이오파마,KOSPI,352020
009440,KC그린홀딩스,KOSPI,201060
009450,경동나비엔,KOSPI,252040
009460,한창제지,KOSPI,151030
009470,삼화전기,KOSPI,453520
009520,포스코엠텍,KOSDAQ,
009540,현대중공업,KOSPI,201065
009580,무림P&P,KOSPI,151060
009620,삼보산업,KOSDAQ,
009680,모토닉,KOSPI,251010
009730,DS제강,KOSDAQ,
009770,삼정펄프,KOSPI,303010
009780,엠에스씨,KOSDAQ,
009810,엔케이물산,KOSPI,151030
009830,한화케미칼,KOSPI,151010
009835,한화케미칼우,KOSPI,
009970,영원무역홀딩스,KOSPI,252060
010040,한국내화,KOSPI,151040
010050,우리종금,KOSPI,403040
010060,OCI,KOSPI,151010
010100,한국프랜지,KOSPI,251010
010120,LS산전,KOSPI,201040
010130,고려아연,KOSPI,151040
010140,삼성중공업,KOSPI,201065
010145,삼성중공우,KOSPI,
010170,대한광통신,KOSDAQ,
010240,흥국,KOSDAQ,
010280,쌍용정보통신,KOSDAQ,
010420,한솔PNS,KOSPI,255040
010470,오리콤,KOSDAQ,
010580,지코,KOSPI,251010
010600,와이비로드,KOSPI,252060
010620,현대미포조선,KOSPI,201065
010640,진양폴리,KOSPI,151010
010660,화천기계,KOSPI,201060
010690,화신,KOSPI,251010
010770,평화홀딩스,KOSPI,251010
010780,아이에스동서,KOSPI,201030
010820,퍼스텍,KOSPI,201010
010950,S-Oil,KOSPI,101020
010955,S-Oil우,KOSPI,
010960,삼호개발,KOSPI,201030
011000,진원생명과학,KOSPI,252060
011040,경동제약,KOSDAQ,
011070,LG이노텍,KOSPI,452030
011080,형지I&C,KOSDAQ,
011090,에넥스,KOSPI,201035
011150,CJ씨푸드,KOSPI,302020
011155,CJ씨푸드1우,KOSPI,
011160,두산건설,KOSPI,201030
011170,롯데케미칼,KOSPI,151010
011200,현대상선,KOSPI,203030
011210,현대위아,KOSPI,251010
011230,삼화전자,KOSPI,452030
011280,태림포장,KOSPI,151030
011300,성안,KOSPI,252060
011320,유니크,KOSDAQ,
011330,유니켐,KOSPI,252060
011370,서한,KOSDAQ,
011390,부산산업,KOSPI,201025
011420,갤럭시아에스엠,KOSPI,254020
011500,한농화성,KOSPI,151010
011560,세보엠이씨,KOSDAQ,
011690,유양디앤유,KOSPI,454020
011700,한신기계,KOSPI,201060
011760,현대상사,KOSPI,201070
011780,금호석유,KOSPI,151010
011785,금호석유우,KOSPI,
011790,SKC,KOSPI,151010
011810,STX,KOSPI,201065
011930,신성이엔지,KOSPI,101010
012030,동부,KOSPI,451020
012160,영흥철강,KOSPI,151050
012170,키위미디어그룹,KOSPI,101020
012200,계양전기,KOSPI,201060
012205,계양전기우,KOSPI,
012280,영화금속,KOSPI,251010
012320,경동인베스트,KOSPI,551020
012330,현대모비스,KOSPI,251010
012340,뉴인텍,KOSDAQ,
012450,한화테크윈,KOSPI,201060
012510,더존비즈온,KOSPI,451030
012600,청호컴넷,KOSPI,452020
012610,경인양행,KOSPI,151010
012620,원일특강,KOSDAQ,
012630,현대산업,KOSPI,201030
012690,모나리자,KOSPI,303010
012700,리드코프,KOSDAQ,
012750,에스원,KOSPI,202010
012790,신일제약,KOSDAQ,
012800,대창,KOSPI,151040
012860,서연전자,KOSDAQ,
013000,세우글로벌,KOSPI,255010
013030,하이록코리아,KOSDAQ,
013120,동원개발,KOSDAQ,
013310,아진산업,KOSDAQ,
013360,일성건설,KOSPI,201030
013367,일성건설2우B,KOSPI,
013520,화승알앤에이,KOSPI,251010
013570,디와이,KOSPI,201060
013580,계룡건설,KOSPI,201030
013700,까뮤이앤씨,KOSPI,201030
013720,청보산업,KOSDAQ,
013810,스페코,KOSDAQ,
013870,지엠비코리아,KOSPI,251010
013990,아가방컴퍼니,KOSDAQ,
014100,보령메디앙스,KOSDAQ,
014130,한익스프레스,KOSPI,203040
014160,대영포장,KOSPI,151030
014190,후너스,KOSDAQ,
014200,광림,KOSDAQ,
014280,금강공업,KOSPI,151050
014285,금강공업우,KOSPI,
014440,영보화학,KOSPI,151010
014470,부방,KOSDAQ,
014530,극동유화,KOSPI,101020
014570,고려제약,KOSDAQ,
014580,백광소재,KOSPI,151040
014620,성광벤드,KOSDAQ,
014680,한솔케미칼,KOSPI,151010
014710,사조씨푸드,KOSPI,302020
014790,한라,KOSPI,201030
014820,동원시스템즈,KOSPI,151030
014825,동원시스템즈우,KOSPI,
014830,유니드,KOSPI,151010
014910,성문전자,KOSPI,453520
014915,성문전자우,KOSPI,
014940,오리엔탈정공,KOSDAQ,
014970,삼륭물산,KOSDAQ,
014990,인디에프,KOSPI,252060
015020,이스타코,KOSPI,405020
015230,대창단조,KOSPI,201060
015260,에이엔피,KOSPI,251010
015350,부산가스,KOSPI,551020
015360,예스코,KOSPI,551020
015540,메디플란트,KOSPI,255010
015590,대경기계,KOSPI,201060
015710,코콤,KOSDAQ,
015750,성우하이텍,KOSDAQ,
015760,한국전력,KOSPI,551010
015860,일진홀딩스,KOSPI,201040
015890,태경산업,KOSPI,151050
016090,대현,KOSPI,252060
016100,리더스코스메틱,KOSDAQ,
016170,로엔,KOSDAQ,
016250,이테크건설,KOSDAQ,
016360,삼성증권,KOSPI,402010
016380,동부제철,KOSPI,151050
016385,동부제철우,KOSPI,
016450,한세예스24홀딩스,KOSPI,252060
016580,환인제약,KOSPI,352020
016590,신대양제지,KOSPI,151030
016600,큐캐피탈,KOSDAQ,
016610,동부증권,KOSPI,402010
016670,포비스티앤씨,KOSDAQ,
016710,대성홀딩스,KOSPI,551020
016740,두올,KOSPI,
016800,퍼시스,KOSPI,201035
016880,웅진,KOSPI,201050
017000,신원종합개발,KOSDAQ,
017040,광명전기,KOSPI,201040
017180,명문제약,KOSPI,352020
017250,인터엠,KOSDAQ,
017370,우신시스템,KOSPI,251010
017390,서울가스,KOSPI,551020
017480,삼현철강,KOSDAQ,
017510,세명전기,KOSDAQ,
017550,수산중공업,KOSPI,201060
017650,대림제지,KOSDAQ,
017670,SK텔레콤,KOSPI,501020
017680,데코네티션,KOSDAQ,
017800,현대엘리베이,KOSPI,201060
017810,풀무원,KOSPI,302020
017890,한국알콜,KOSDAQ,
017900,광전자,KOSPI,452030
017940,E1,KOSPI,551020
017960,한국카본,KOSPI,201065
018000,유니슨,KOSDAQ,
018120,진로발효,KOSDAQ,
018260,삼성에스디에스,KOSPI,451020
018290,지엠피,KOSDAQ,
018310,삼목에스폼,KOSDAQ,
018470,조일알미늄,KOSPI,151040
018500,동원금속,KOSPI,251010
018620,우진비앤지,KOSDAQ,
018670,SK가스,KOSPI,551020
018680,서울제약,KOSDAQ,
018700,바른손,KOSDAQ,
018880,한온시스템,KOSPI,251010
019010,그랜드백화점,KOSDAQ,
019170,신풍제약,KOSPI,352020
019175,신풍제약우,KOSPI,
019180,티에이치엔,KOSPI,251010
019210,와이지-원,KOSDAQ,
019440,세아특수강,KOSPI,151050
019490,하이트론,KOSPI,452010
019540,일지테크,KOSDAQ,
019550,SBI인베스트먼트,KOSDAQ,
019570,제미니투자,KOSDAQ,
019590,엠벤처투자,KOSDAQ,
019660,글로본,KOSDAQ,
019680,대교,KOSPI,256010
019685,대교우B,KOSPI,
019770,서연탑메탈,KOSDAQ,
019990,에너토크,KOSDAQ,
020000,한섬,KOSPI,252060
020120,다우인큐브,KOSPI,451030
020150,일진머티리얼즈,KOSPI,452030
020180,대신정보통신,KOSDAQ,
020400,대동금속,KOSDAQ,
020560,아시아나항공,KOSPI,203020
020710,시공테크,KOSDAQ,
020760,일진디스플,KOSPI,454010
021040,대호피앤씨,KOSDAQ,
021045,대호피앤씨우,KOSDAQ,
021050,서원,KOSPI,151040
021080,에이티넘인베스트,KOSDAQ,
021240,코웨이,KOSPI,252040
021320,KCC건설,KOSDAQ,
021650,한국큐빅,KOSDAQ,
021820,세원정공,KOSPI,251010
021880,메이슨캐피탈,KOSDAQ,
021960,KB캐피탈,KOSPI,
022100,포스코 ICT,KOSDAQ,
022220,정산애강,KOSDAQ,
023000,삼원강재,KOSPI,251010
023150,MH에탄올,KOSPI,302010
023160,태광,KOSDAQ,
023350,한국종합기술,KOSPI,201030
023410,유진기업,KOSDAQ,
023450,동남합성,KOSPI,151010
023460,CNH,KOSDAQ,
023530,롯데쇼핑,KOSPI,255030
023590,다우기술,KOSPI,451020
023600,삼보판지,KOSDAQ,
023760,한국캐피탈,KOSDAQ,
023790,동일철강,KOSDAQ,
023800,인지컨트롤스,KOSPI,251010
023810,인팩,KOSPI,251010
023890,아트라스BX,KOSDAQ,
023900,풍국주정,KOSDAQ,
023910,대한약품,KOSDAQ,
023960,에쓰씨엔지니어링,KOSPI,201030
024060,흥구석유,KOSDAQ,
024070,WISCOM,KOSPI,151010
024090,디씨엠,KOSPI,151040
024110,기업은행,KOSPI,401010
024120,KB오토시스,KOSDAQ,
024660,하림홀딩스,KOSDAQ,
024720,한국콜마홀딩스,KOSPI,252065
024740,한일단조,KOSDAQ,
024800,유성티엔에스,KOSDAQ,
024830,세원물산,KOSDAQ,
024840,갑을메탈,KOSDAQ,
024850,피에스엠씨,KOSDAQ,
024880,케이피에프,KOSDAQ,
024890,대원화성,KOSPI,252060
024900,덕양산업,KOSPI,251010
024910,경창산업,KOSDAQ,
024940,PN풍년,KOSDAQ,
024950,삼천리자전거,KOSDAQ,
025000,KPX케미칼,KOSPI,151010
025320,시노펙스,KOSDAQ,
025530,SJM홀딩스,KOSPI,251010
025540,한국단자,KOSPI,251010
025550,한국선재,KOSDAQ,
025560,미래산업,KOSPI,453010
025750,한솔홈데코,KOSPI,201025
025770,한국정보통신,KOSDAQ,
025820,이구산업,KOSPI,151040
025860,남해화학,KOSPI,151010
025870,신라에스지,KOSDAQ,
025880,케이씨피드,KOSDAQ,
025890,한국주강,KOSPI,201060
025900,동화홀딩스,KOSDAQ,
025950,동신건설,KOSDAQ,
025980,에머슨퍼시픽,KOSDAQ,
026040,제이에스티나,KOSDAQ,
026150,특수건설,KOSDAQ,
026180,현대정보기술,KOSDAQ,
026260,보타바이오,KOSDAQ,
026890,디피씨,KOSPI,453520
026910,광진실업,KOSDAQ,
026940,부국철강,KOSPI,151050
026960,동서,KOSDAQ,
027040,서울전자통신,KOSDAQ,
027050,코리아나,KOSDAQ,
027390,한화갤러리아타임월드,KOSPI,255030
027410,BGF리테일,KOSPI,255030
027580,상보,KOSDAQ,
027710,팜스토리,KOSDAQ,
027740,마니커,KOSPI,302020
027830,대성창투,KOSDAQ,
027970,세하,KOSPI,151030
028050,삼성엔지니어링,KOSPI,201030
028080,휴맥스홀딩스,KOSDAQ,
028100,동아지질,KOSPI,201030
028150,GS홈쇼핑,KOSDAQ,
028260,삼성물산,KOSPI,201050
02826K,삼성물산우B,KOSPI,
028300,에이치엘비,KOSDAQ,
028670,팬오션,KOSPI,203030
029460,케이씨텍,KOSPI,453010
029530,신도리코,KOSPI,452040
029780,삼성카드,KOSPI,403030
029960,코엔텍,KOSDAQ,
030000,제일기획,KOSPI,254010
030190,NICE평가정보,KOSDAQ,
030200,KT,KOSPI,501010
030210,KTB투자증권,KOSPI,402010
030270,에스마크,KOSDAQ,
030350,드래곤플라이,KOSDAQ,
030520,한글과컴퓨터,KOSDAQ,
030530,원익홀딩스,KOSDAQ,
030610,교보증권,KOSPI,402010
030720,동원수산,KOSPI,302020
030790,동양네트웍스,KOSPI,202010
030960,양지사,KOSDAQ,
031310,아이즈비전,KOSDAQ,
031330,에스에이엠티,KOSDAQ,
031390,녹십자셀,KOSDAQ,
031430,신세계인터내셔날,KOSPI,252060
031440,신세계푸드,KOSPI,253010
031510,오스템,KOSDAQ,
031820,콤텍시스템,KOSPI,451020
031860,엔에스엔,KOSDAQ,
031980,피에스케이,KOSDAQ,
032040,C&S자산관리,KOSDAQ,
032080,아즈텍WB,KOSDAQ,
032190,다우데이타,KOSDAQ,
032280,삼일,KOSDAQ,
032350,롯데관광개발,KOSPI,253010
032500,케이엠더블유,KOSDAQ,
032540,TJ미디어,KOSDAQ,
032560,황금에스티,KOSPI,151040
032580,피델릭스,KOSDAQ,
032620,유비케어,KOSDAQ,
032640,LG유플러스,KOSPI,501020
032680,비티씨정보,KOSDAQ,
032685,비티씨정보우,KOSDAQ,
032750,삼진,KOSDAQ,
032800,G러닝,KOSDAQ,
032820,우리기술,KOSDAQ,
032830,삼성생명,KOSPI,404020
032850,비트컴퓨터,KOSDAQ,
032940,원익,KOSDAQ,
032960,동일기연,KOSDAQ,
032980,바이온,KOSDAQ,
033050,제이엠아이,KOSDAQ,
033100,제룡전기,KOSDAQ,
033110,이디,KOSDAQ,
033130,디지틀조선,KOSDAQ,
033160,엠케이전자,KOSDAQ,
033170,시그네틱스,KOSDAQ,
033180,필룩스,KOSPI,453520
033200,모아텍,KOSDAQ,
033230,인성정보,KOSDAQ,
033240,자화전자,KOSPI,452030
033250,체시스,KOSPI,251010
033270,유나이티드제약,KOSPI,352020
033290,코웰패션,KOSDAQ,
033310,디케이디앤아이,KOSDAQ,
033320,제이씨현,KOSDAQ,
033340,좋은사람들,KOSDAQ,
033500,동성화인텍,KOSDAQ,
033530,세종공업,KOSPI,251010
033540,파라텍,KOSDAQ,
033560,블루콤,KOSDAQ,
033600,이젠텍,KOSDAQ,
033640,네패스,KOSDAQ,
033660,아주캐피탈,KOSPI,403040
033780,KT&G,KOSPI,302030
033790,서화정보통신,KOSDAQ,
033830,티비씨,KOSDAQ,
033920,무학,KOSPI,302010
034020,두산중공업,KOSPI,201060
034120,SBS,KOSPI,254020
034220,LG디스플레이,KOSPI,454010
034230,파라다이스,KOSDAQ,
034300,신세계건설,KOSPI,201030
034310,NICE,KOSPI,405510
034590,인천도시가스,KOSPI,551020
034730,SK,KOSPI,451020
03473K,SK우,KOSPI,
034810,해성산업,KOSDAQ,
034830,한국토지신탁,KOSDAQ,
034940,조아제약,KOSDAQ,
034950,한국기업평가,KOSDAQ,
035000,지투알,KOSPI,254010
035080,인터파크홀딩스,KOSDAQ,
035150,백산,KOSPI,252060
035200,프럼파스트,KOSDAQ,
035250,강원랜드,KOSPI,253010
035420,NAVER,KOSPI,451010
035460,기산텔레콤,KOSDAQ,
035480,마제스타,KOSDAQ,
035510,신세계 I&C,KOSPI,451020
035600,KG이니시스,KOSDAQ,
035610,솔본,KOSDAQ,
035720,카카오,KOSDAQ,
035760,CJ오쇼핑,KOSDAQ,
035810,이지바이오,KOSDAQ,
035890,서희건설,KOSDAQ,
035900,JYP Ent.,KOSDAQ,
036000,예림당,KOSDAQ,
036010,아비코전자,KOSDAQ,
036030,KTH,KOSDAQ,
036090,위지트,KOSDAQ,
036120,SCI평가정보,KOSDAQ,
036170,씨티엘,KOSDAQ,
036180,영인프런티어,KOSDAQ,
036190,금화피에스시,KOSDAQ,
036200,유니셈,KOSDAQ,
036260,이매진아시아,KOSDAQ,
036420,제이콘텐트리,KOSDAQ,
036460,한국가스공사,KOSPI,551020
036480,대성미생물,KOSDAQ,
036490,SK머티리얼즈,KOSDAQ,
036500,에스에스컴텍,KOSDAQ,
036530,S&T홀딩스,KOSPI,251010
036540,SFA반도체,KOSDAQ,
036560,영풍정밀,KOSDAQ,
036570,엔씨소프트,KOSPI,451035
036580,팜스코,KOSPI,302020
036620,버추얼텍,KOSDAQ,
036630,세종텔레콤,KOSDAQ,
036640,HRS,KOSDAQ,
036670,KCI,KOSDAQ,
036690,코맥스,KOSDAQ,
036710,심텍홀딩스,KOSDAQ,
036800,나이스정보통신,KOSDAQ,
036810,에프에스티,KOSDAQ,
036830,솔브레인,KOSDAQ,
036890,진성티이씨,KOSDAQ,
036930,주성엔지니어링,KOSDAQ,
037070,파세코,KOSDAQ,
037230,한국팩키지,KOSDAQ,
037270,YG PLUS,KOSPI,254010
037330,인지디스플레,KOSDAQ,
037350,성도이엔지,KOSDAQ,
037370,EG,KOSDAQ,
037400,우리조명지주,KOSDAQ,
037440,희림,KOSDAQ,
037460,삼지전자,KOSDAQ,
037560,CJ헬로비전,KOSPI,254020
037620,미래에셋증권,KOSPI,
037710,광주신세계,KOSPI,255030
037760,쎄니트,KOSDAQ,
037950,한성엘컴텍,KOSDAQ,
038010,제일테크노스,KOSDAQ,
038060,루멘스,KOSDAQ,
038070,서린바이오,KOSDAQ,
038110,에코플라스틱,KOSDAQ,
038160,팍스넷,KOSDAQ,
038290,마크로젠,KOSDAQ,
038390,레드캡투어,KOSDAQ,
038460,바이오스마트,KOSDAQ,
038500,삼표시멘트,KOSDAQ,
038530,골드퍼시픽,KOSDAQ,
038540,텍셀네트컴,KOSDAQ,
038620,위즈코프,KOSDAQ,
038680,에스넷,KOSDAQ,
038870,에코바이오,KOSDAQ,
038880,아이에이,KOSDAQ,
038950,파인디지털,KOSDAQ,
039010,현대통신,KOSDAQ,
039020,이건홀딩스,KOSDAQ,
039030,이오테크닉스,KOSDAQ,
039130,하나투어,KOSPI,253010
039200,오스코텍,KOSDAQ,
039230,폭스브레인,KOSDAQ,
039240,경남스틸,KOSDAQ,
039290,인포뱅크,KOSDAQ,
039310,세중,KOSDAQ,
039340,한국경제TV,KOSDAQ,
039420,케이엘넷,KOSDAQ,
039440,에스티아이,KOSDAQ,
039490,키움증권,KOSPI,402010
039560,다산네트웍스,KOSDAQ,
039570,아이콘트롤스,KOSPI,
039610,화성,KOSDAQ,
039670,스포츠서울,KOSDAQ,
039740,한국정보공학,KOSDAQ,
039830,오로라,KOSDAQ,
039840,디오,KOSDAQ,
039860,나노엔텍,KOSDAQ,
039980,리노스,KOSDAQ,
040160,누리텔레콤,KOSDAQ,
040300,YTN,KOSDAQ,
040350,큐로컴,KOSDAQ,
040420,정상제이엘에스,KOSDAQ,
040610,SG&G,KOSDAQ,
040910,아이씨디,KOSDAQ,
041020,인프라웨어,KOSDAQ,
041140,게임하이,KOSDAQ,
041190,우리기술투자,KOSDAQ,
041440,에버다임,KOSDAQ,
041460,한국전자인증,KOSDAQ,
041510,에스엠,KOSDAQ,
041520,이라이콤,KOSDAQ,
041590,GemTech,KOSDAQ,
041650,상신브레이크,KOSPI,251010
041830,바이오스페이스,KOSDAQ,
041910,에스텍파마,KOSDAQ,
041920,메디아나,KOSDAQ,
041930,동아화성,KOSDAQ,
041960,코미팜,KOSDAQ,
042110,에스씨디,KOSDAQ,
042370,비츠로테크,KOSDAQ,
042420,네오위즈홀딩스,KOSDAQ,
042500,링네트,KOSDAQ,
042510,라온시큐어,KOSDAQ,
042520,한스바이오메드,KOSDAQ,
042600,새로닉스,KOSDAQ,
042660,대우조선해양,KOSPI,201065
042670,두산인프라코어,KOSPI,201060
042700,한미반도체,KOSPI,453010
043090,팜스웰바이오,KOSDAQ,
043150,바텍,KOSDAQ,
043200,파루,KOSDAQ,
043260,성호전자,KOSDAQ,
043290,케이맥,KOSDAQ,
043340,에쎈테크,KOSDAQ,
043360,디지아이,KOSDAQ,
043370,평화정공,KOSDAQ,
043580,에임하이,KOSDAQ,
043590,크로바하이텍,KOSDAQ,
043610,지니뮤직,KOSDAQ,
043650,국순당,KOSDAQ,
043910,자연과환경,KOSDAQ,
044060,조광ILI,KOSDAQ,
044180,KD건설,KOSDAQ,
044340,위닉스,KOSDAQ,
044380,주연테크,KOSPI,452020
044450,KSS해운,KOSPI,203030
044480,유니더스,KOSDAQ,
044490,태웅,KOSDAQ,
044780,에이치케이,KOSDAQ,
044820,코스맥스비티아이,KOSPI,252065
044960,이-글 벳,KOSDAQ,
045060,오공,KOSDAQ,
045100,한양이엔지,KOSDAQ,
045300,성우테크론,KOSDAQ,
045340,토탈소프트,KOSDAQ,
045390,대아티아이,KOSDAQ,
045510,정원엔시스,KOSDAQ,
045520,크린앤사이언스,KOSDAQ,
045660,에이텍,KOSDAQ,
045890,동부라이텍,KOSDAQ,
045970,코아시아홀딩스,KOSDAQ,
046070,코다코,KOSDAQ,
046110,한일네트웍스,KOSDAQ,
046120,오르비텍,KOSDAQ,
046140,SBS콘텐츠허브,KOSDAQ,
046210,파나진,KOSDAQ,
046310,백금T&A,KOSDAQ,
046390,삼화네트웍스,KOSDAQ,
046440,KG모빌리언스,KOSDAQ,
046890,서울반도체,KOSDAQ,
046940,우원개발,KOSDAQ,
046970,우리로,KOSDAQ,
047040,대우건설,KOSPI,201030
047050,포스코대우,KOSPI,201070
047080,한빛소프트,KOSDAQ,
047310,파워로직스,KOSDAQ,
047400,유니온머티리얼,KOSPI,151040
047440,레이젠,KOSDAQ,
047560,이스트소프트,KOSDAQ,
047810,한국항공우주,KOSPI,201010
047820,초록뱀,KOSDAQ,
048260,오스템임플란트,KOSDAQ,
048410,현대아이비티,KOSDAQ,
048430,유라테크,KOSDAQ,
048470,대동스틸,KOSDAQ,
048530,인트론바이오,KOSDAQ,
048550,SM C&C,KOSDAQ,
048770,TPC,KOSDAQ,
048830,엔피케이,KOSDAQ,
048910,대원미디어,KOSDAQ,
049070,인탑스,KOSDAQ,
049080,기가레인,KOSDAQ,
049120,파인디앤씨,KOSDAQ,
049180,셀루메드,KOSDAQ,
049430,코메론,KOSDAQ,
049470,SGA,KOSDAQ,
049480,오픈베이스,KOSDAQ,
049520,유아이엘,KOSDAQ,
049550,잉크테크,KOSDAQ,
049630,재영솔루텍,KOSDAQ,
049720,고려신용정보,KOSDAQ,
049770,동원F&B,KOSPI,302020
049800,우진플라임,KOSPI,201060
049830,승일,KOSDAQ,
049950,미래컴퍼니,KOSDAQ,
049960,쎌바이오텍,KOSDAQ,
050090,휘닉스소재,KOSDAQ,
050110,캠시스,KOSDAQ,
050120,라이브플렉스,KOSDAQ,
050320,에스아이티글로벌,KOSDAQ,
050540,한국코퍼레이션,KOSDAQ,
050760,에스폴리텍,KOSDAQ,
050860,아세아텍,KOSDAQ,
050890,쏠리드,KOSDAQ,
050960,수산아이앤티,KOSDAQ,
051160,지어소프트,KOSDAQ,
051360,토비스,KOSDAQ,
051370,인터플렉스,KOSDAQ,
051380,피씨디렉트,KOSDAQ,
051390,YW,KOSDAQ,
051490,나라엠앤디,KOSDAQ,
051500,CJ프레시웨이,KOSDAQ,
051600,한전KPS,KOSPI,551010
051630,진양화학,KOSPI,151010
051780,큐로홀딩스,KOSDAQ,
051900,LG생활건강,KOSPI,303010
051905,LG생활건강우,KOSPI,
051910,LG화학,KOSPI,151010
051915,LG화학우,KOSPI,
051980,넥스트바이오홀딩스,KOSDAQ,
052020,에스티큐브,KOSDAQ,
052190,이에스에이,KOSDAQ,
052220,iMBC,KOSDAQ,
052260,SK바이오랜드,KOSDAQ,
052290,트레이스,KOSDAQ,
052300,W홀딩컴퍼니,KOSDAQ,
052330,코텍,KOSDAQ,
052400,코나아이,KOSDAQ,
052460,아이크래프트,KOSDAQ,
052600,한네트,KOSDAQ,
052670,제일바이오,KOSDAQ,
052690,한전기술,KOSPI,551010
052710,아모텍,KOSDAQ,
052770,와이디온라인,KOSDAQ,
052790,액토즈소프트,KOSDAQ,
052860,아이앤씨,KOSDAQ,
053030,바이넥스,KOSDAQ,
053050,지에스이,KOSDAQ,
053060,세동,KOSDAQ,
053110,소리바다,KOSDAQ,
053160,프리엠스,KOSDAQ,
053210,스카이라이프,KOSPI,254020
053260,금강철강,KOSDAQ,
053270,구영테크,KOSDAQ,
053280,예스24,KOSDAQ,
053290,능률교육,KOSDAQ,
053300,한국정보인증,KOSDAQ,
053350,이니텍,KOSDAQ,
053450,세코닉스,KOSDAQ,
053590,한국테크놀로지,KOSDAQ,
053610,프로텍,KOSDAQ,
053620,태양,KOSDAQ,
053690,한미글로벌,KOSPI,201030
053700,삼보모터스,KOSDAQ,
053800,안랩,KOSDAQ,
053950,경남제약,KOSDAQ,
053980,오상자이엘,KOSDAQ,
054040,한국컴퓨터,KOSDAQ,
054050,농우바이오,KOSDAQ,
054090,삼진엘앤디,KOSDAQ,
054180,중앙오션,KOSDAQ,
054210,이랜텍,KOSDAQ,
054220,비츠로시스,KOSDAQ,
054300,팬스타엔터프라이즈,KOSDAQ,
054410,케이피티,KOSDAQ,
054450,텔레칩스,KOSDAQ,
054540,삼영엠텍,KOSDAQ,
054620,APS홀딩스,KOSDAQ,
054630,에이디칩스,KOSDAQ,
054670,대한뉴팜,KOSDAQ,
054780,키이스트,KOSDAQ,
054800,아이디스홀딩스,KOSDAQ,
054920,한컴시큐어,KOSDAQ,
054930,유신,KOSDAQ,
054940,엑사이엔씨,KOSDAQ,
054950,제이브이엠,KOSDAQ,
055550,신한지주,KOSPI,401010
056080,유진로봇,KOSDAQ,
056090,유앤아이,KOSDAQ,
056190,에스에프에이,KOSDAQ,
056360,코위버,KOSDAQ,
056700,신화인터텍,KOSDAQ,
057030,와이비엠넷,KOSDAQ,
057050,현대홈쇼핑,KOSPI,255020
057500,SKC 솔믹스,KOSDAQ,
057540,옴니시스템,KOSDAQ,
057680,옴니텔,KOSDAQ,
057880,토필드,KOSDAQ,
058110,멕아이씨에스,KOSDAQ,
058220,아리온,KOSDAQ,
058370,비엔씨컴퍼니,KOSDAQ,
058400,KNN,KOSDAQ,
058430,포스코강판,KOSPI,151040
058450,일야,KOSDAQ,
058470,리노공업,KOSDAQ,
058530,크레아플래닛,KOSDAQ,
058610,에스피지,KOSDAQ,
058630,엠게임,KOSDAQ,
058650,세아홀딩스,KOSPI,151050
058730,동아에스텍,KOSPI,201020
058820,CMG제약,KOSDAQ,
058850,KTcs,KOSPI,202010
058860,케이티스,KOSPI,202010
059090,코미코,KOSDAQ,
059100,아이컴포넌트,KOSDAQ,
059120,아진엑스텍,KOSDAQ,
059210,메타바이오메드,KOSDAQ,
060150,인선이엔티,KOSDAQ,
060230,이그잭스,KOSDAQ,
060240,룽투코리아,KOSDAQ,
060250,NHN한국사이버결제,KOSDAQ,
060260,뉴보텍,KOSDAQ,
060280,큐렉소,KOSDAQ,
060300,레드로버,KOSDAQ,
060310,3S,KOSDAQ,
060370,KT서브마린,KOSDAQ,
060380,동양에스텍,KOSDAQ,
060480,국일신동,KOSDAQ,
060540,에스에이티,KOSDAQ,
060560,홈센타홀딩스,KOSDAQ,
060570,아이리버,KOSDAQ,
060590,씨티씨바이오,KOSDAQ,
060720,KH바텍,KOSDAQ,
060980,한라홀딩스,KOSPI,251010
061040,알에프텍,KOSDAQ,
061250,화일약품,KOSDAQ,
061460,한진피앤씨,KOSDAQ,
061970,엘비세미콘,KOSDAQ,
062860,티엘아이,KOSDAQ,
063080,게임빌,KOSDAQ,
063160,종근당바이오,KOSPI,352020
063170,서울옥션,KOSDAQ,
063440,에프엔씨애드컬쳐,KOSDAQ,
063570,한국전자금융,KOSDAQ,
064240,홈캐스트,KOSDAQ,
064260,다날,KOSDAQ,
064290,인텍플러스,KOSDAQ,
064350,현대로템,KOSPI,201060
064480,브리지텍,KOSDAQ,
064520,바른전자,KOSDAQ,
064550,바이오니아,KOSDAQ,
064760,티씨케이,KOSDAQ,
064800,필링크,KOSDAQ,
064820,케이프,KOSDAQ,
064960,S&T모티브,KOSPI,251010
065060,지엔코,KOSDAQ,
065130,탑엔지니어링,KOSDAQ,
065150,MP그룹,KOSDAQ,
065160,에프티이앤이,KOSDAQ,
065170,넥스트BT,KOSDAQ,
065350,신성델타테크,KOSDAQ,
065420,에스아이리소스,KOSDAQ,
065440,이루온,KOSDAQ,
065450,빅텍,KOSDAQ,
065500,오리엔트정공,KOSDAQ,
065510,휴비츠,KOSDAQ,
065530,전파기지국,KOSDAQ,
065560,선도소프트,KOSDAQ,
065570,삼영이엔씨,KOSDAQ,
065620,샤인,KOSDAQ,
065650,메디프론,KOSDAQ,
065660,안트로젠,KOSDAQ,
065680,우주일렉트로,KOSDAQ,
065690,대진디엠피,KOSDAQ,
065710,서호전기,KOSDAQ,
065940,바이오빌,KOSDAQ,
065950,웰크론,KOSDAQ,
066110,한프,KOSDAQ,
066130,하츠,KOSDAQ,
066270,SK컴즈,KOSDAQ,
066310,큐에스아이,KOSDAQ,
066410,투윈글로벌,KOSDAQ,
066570,LG전자,KOSPI,453510
066575,LG전자우,KOSPI,
066590,우수AMS,KOSDAQ,
066620,국보디자인,KOSDAQ,
066670,디스플레이텍,KOSDAQ,
066700,테라젠이텍스,KOSDAQ,
066790,씨씨에스,KOSDAQ,
066900,디에이피,KOSDAQ,
066910,손오공,KOSDAQ,
066970,엘앤에프,KOSDAQ,
066980,브레인콘텐츠,KOSDAQ,
067000,조이시티,KOSDAQ,
067010,이씨에스,KOSDAQ,
067080,대화제약,KOSDAQ,
067160,아프리카TV,KOSDAQ,
067170,오텍,KOSDAQ,
067280,멀티캠퍼스,KOSDAQ,
067290,JW신약,KOSDAQ,
067310,하나마이크론,KOSDAQ,
067390,아스트,KOSDAQ,
067570,엔브이에이치코리아,KOSDAQ,
067630,에이치엘비생명과학,KOSDAQ,
067730,로지시스,KOSDAQ,
067770,세진티에스,KOSDAQ,
067830,세이브존I&C,KOSPI,255030
067900,와이엔텍,KOSDAQ,
067920,이글루시큐리티,KOSDAQ,
067990,도이치모터스,KOSDAQ,
068050,팬엔터테인먼트,KOSDAQ,
068150,엔티피아,KOSDAQ,
068240,다원시스,KOSDAQ,
068270,셀트리온,KOSDAQ,
068290,삼성출판사,KOSPI,254030
068330,일신바이오,KOSDAQ,
068400,AJ렌터카,KOSPI,203040
068760,셀트리온제약,KOSDAQ,
068790,DMS,KOSDAQ,
068870,LG생명과학,KOSPI,
068875,LG생명과학우,KOSPI,
068930,디지털대성,KOSDAQ,
068940,아이씨케이,KOSDAQ,
069080,웹젠,KOSDAQ,
069110,코스온,KOSDAQ,
069140,누리플랜,KOSDAQ,
069260,휴켐스,KOSPI,151010
069330,유아이디,KOSDAQ,
069410,엔텔스,KOSDAQ,
069460,대호에이엘,KOSPI,151040
069500,KODEX 200,ETF,
069510,에스텍,KOSDAQ,
069540,라이트론,KOSDAQ,
069620,대웅제약,KOSPI,352020
069640,한세엠케이,KOSPI,252060
069660,KOSEF 200,ETF,
069730,DSR제강,KOSPI,151050
069920,아이에스이커머스,KOSDAQ,
069960,현대백화점,KOSPI,255030
070300,한솔시큐어,KOSDAQ,
070590,한솔인티큐브,KOSDAQ,
070960,용평리조트,KOSPI,
071050,한국금융지주,KOSPI,402010
071055,한국금융지주우,KOSPI,
071090,하이스틸,KOSPI,151050
071200,인피니트헬스케어,KOSDAQ,
071280,로체시스템즈,KOSDAQ,
071320,지역난방공사,KOSPI,551030
071460,대유위니아,KOSDAQ,
071670,에이테크솔루션,KOSDAQ,
071840,롯데하이마트,KOSPI,255040
071850,캐스텍코리아,KOSDAQ,
071950,코아스,KOSPI,201035
071970,STX중공업,KOSPI,201060
072020,중앙백신,KOSDAQ,
072130,유엔젤,KOSPI,451010
072470,우리산업홀딩스,KOSDAQ,
072520,태양씨앤엘,KOSDAQ,
072710,농심홀딩스,KOSPI,302020
072770,네오디안테크놀로지,KOSDAQ,
072870,메가스터디,KOSDAQ,
072950,빛샘전자,KOSDAQ,
072990,에이치시티,KOSDAQ,
073070,넥센테크,KOSDAQ,
073110,엘엠에스,KOSDAQ,
073190,듀오백코리아,KOSDAQ,
073240,금호타이어,KOSPI,251010
073490,이노와이어리스,KOSDAQ,
073540,에프알텍,KOSDAQ,
073560,우리손에프앤지,KOSDAQ,
073570,프롬써어티,KOSDAQ,
073640,삼원테크,KOSDAQ,
074430,아미노로직스,KOSDAQ,
074600,원익QnC,KOSDAQ,
074610,이엔쓰리,KOSPI,201060
075130,플랜티넷,KOSDAQ,
075180,새론오토모티브,KOSPI,251010
075580,세진중공업,KOSPI,
075970,동국알앤에스,KOSDAQ,
076080,웰크론한텍,KOSDAQ,
076610,해성옵틱스,KOSDAQ,
077280,한컴지엠디,KOSDAQ,
077360,덕산하이메탈,KOSDAQ,
077500,유니퀘스트,KOSPI,453010
078000,텔코웨어,KOSPI,451030
078020,이베스트투자증권,KOSDAQ,
078070,유비쿼스홀딩스,KOSDAQ,
078130,국일제지,KOSDAQ,
078140,대봉엘에스,KOSDAQ,
078150,HB테크놀러지,KOSDAQ,
078160,메디포스트,KOSDAQ,
078340,컴투스,KOSDAQ,
078350,한양디지텍,KOSDAQ,
078520,에이블씨엔씨,KOSPI,252065
078590,두올산업,KOSDAQ,
078600,대주전자재료,KOSDAQ,
078650,코렌,KOSDAQ,
078860,아이오케이,KOSDAQ,
078890,가온미디어,KOSDAQ,
078930,GS,KOSPI,101020
078935,GS우,KOSPI,
078940,일경산업개발,KOSDAQ,
079000,와토스코리아,KOSDAQ,
079160,CJ CGV,KOSPI,254020
079170,한창산업,KOSDAQ,
079190,EMW,KOSDAQ,
079370,제우스,KOSDAQ,
079430,현대리바트,KOSPI,201035
079550,LIG넥스원,KOSPI,
079650,서산,KOSDAQ,
079660,사조해표,KOSPI,302020
079810,디이엔티,KOSDAQ,
079940,가비아,KOSDAQ,
079950,인베니아,KOSDAQ,
079960,동양이엔피,KOSDAQ,
079970,투비소프트,KOSDAQ,
079980,휴비스,KOSPI,151010
080000,에스엔유,KOSDAQ,
080010,이상네트웍스,KOSDAQ,
080160,모두투어,KOSDAQ,
080220,제주반도체,KOSDAQ,
080420,모다이노칩,KOSDAQ,
080470,성창오토텍,KOSDAQ,
080520,오디텍,KOSDAQ,
080530,코디,KOSDAQ,
080580,오킨스전자,KOSDAQ,
081000,일진다이아,KOSPI,151040
081150,티플랙스,KOSDAQ,
081580,성우전자,KOSDAQ,
081660,휠라코리아,KOSPI,252060
081970,넥스지,KOSDAQ,
082210,옵트론텍,KOSDAQ,
082270,젬백스,KOSDAQ,
082640,동양생명,KOSPI,404020
082660,크루셜엠스,KOSDAQ,
082740,두산엔진,KOSPI,201065
082800,루미마이크로,KOSDAQ,
082850,우리이티아이,KOSDAQ,
083310,엘오티베큠,KOSDAQ,
083350,동북아10호,KOSPI,
083360,동북아11호,KOSPI,
083370,동북아12호,KOSPI,
083380,동북아13호,KOSPI,
083390,동북아14호,KOSPI,
083420,KPX그린케미칼,KOSPI,151010
083450,GST,KOSDAQ,
083470,KJ프리텍,KOSDAQ,
083550,케이엠,KOSDAQ,
083570,아시아10호,KOSPI,
083580,아시아11호,KOSPI,
083590,아시아12호,KOSPI,
083600,아시아13호,KOSPI,
083610,아시아14호,KOSPI,
083620,아시아15호,KOSPI,
083640,인콘,KOSDAQ,
083650,비에이치아이,KOSDAQ,
083660,CSA 코스믹,KOSDAQ,
083790,크리스탈,KOSDAQ,
083930,아바코,KOSDAQ,
084010,대한제강,KOSPI,151050
084110,휴온스글로벌,KOSDAQ,
084180,수성,KOSDAQ,
084370,유진테크,KOSDAQ,
084650,랩지노믹스,KOSDAQ,
084670,동양고속,KOSPI,203040
084680,이월드,KOSPI,253010
084690,대상홀딩스,KOSPI,302020
084695,대상홀딩스우,KOSPI,
084730,팅크웨어,KOSDAQ,
084870,TBH글로벌,KOSPI,252060
084990,바이로메드,KOSDAQ,
085310,엔케이,KOSPI,201060
085370,루트로닉,KOSDAQ,
085620,미래에셋생명,KOSPI,
085660,차바이오앤,KOSDAQ,
085670,뉴프렉스,KOSDAQ,
085810,알티캐스트,KOSDAQ,
085910,네오티스,KOSDAQ,
086040,바이오톡스텍,KOSDAQ,
086060,진바이오텍,KOSDAQ,
086250,화신테크,KOSDAQ,
086280,현대글로비스,KOSPI,203040
086390,유니테스트,KOSDAQ,
086450,동국제약,KOSDAQ,
086520,에코프로,KOSDAQ,
086670,비엠티,KOSDAQ,
086790,하나금융지주,KOSPI,401010
086830,신양오라컴,KOSDAQ,
086890,이수앱지스,KOSDAQ,
086900,메디톡스,KOSDAQ,
086960,MDS테크,KOSDAQ,
086980,쇼박스,KOSDAQ,
087010,펩트론,KOSDAQ,
087220,스틸플라워,KOSDAQ,
087600,픽셀플러스,KOSDAQ,
087730,네패스신소재,KOSDAQ,
088130,동아엘텍,KOSDAQ,
088290,이원컴포텍,KOSDAQ,
088350,한화생명,KOSPI,404020
088390,이녹스,KOSDAQ,
088790,진도,KOSPI,252060
088800,에이스테크,KOSDAQ,
088910,동우팜투테이블,KOSDAQ,
088980,맥쿼리인프라,KOSPI,
089010,켐트로닉스,KOSDAQ,
089030,테크윙,KOSDAQ,
089140,넥스턴,KOSDAQ,
089150,케이씨티,KOSDAQ,
089470,현대EP,KOSPI,251010
089530,아이테스트,KOSDAQ,
089590,제주항공,KOSPI,
089600,나스미디어,KOSDAQ,
089790,제이티,KOSDAQ,
089850,유비벨록스,KOSDAQ,
089890,고려반도체,KOSDAQ,
089980,상아프론테크,KOSDAQ,
090080,평화산업,KOSPI,251010
090150,광진윈텍,KOSDAQ,
090350,노루페인트,KOSPI,201025
090355,노루페인트우,KOSPI,
090360,로보스타,KOSDAQ,
090370,아비스타,KOSPI,252060
090410,덕신하우징,KOSDAQ,
090430,아모레퍼시픽,KOSPI,252065
090435,아모레퍼시픽우,KOSPI,
090460,비에이치,KOSDAQ,
090470,제이스텍,KOSDAQ,
090710,디에스티로봇,KOSDAQ,
090730,SIMPAC Metal,KOSDAQ,
090740,연이정보통신,KOSDAQ,
090850,이지웰페어,KOSDAQ,
091000,코리아04호,KOSPI,
091090,세원셀론텍,KOSPI,101020
091120,이엠텍,KOSDAQ,
091160,KODEX 반도체,ETF,
091170,KODEX 은행,ETF,
091180,KODEX 자동차,ETF,
091210,TIGER KRX100,ETF,
091220,TIGER 은행,ETF,
091230,TIGER 반도체,ETF,
091340,S&K폴리텍,KOSDAQ,
091440,텔레필드,KOSDAQ,
091580,상신이디피,KOSDAQ,
091590,남화토건,KOSDAQ,
091700,파트론,KOSDAQ,
091970,나노캠텍,KOSDAQ,
092040,아미코젠,KOSDAQ,
092070,디엔에프,KOSDAQ,
092130,이크레더블,KOSDAQ,
092200,디아이씨,KOSPI,251010
092220,KEC,KOSPI,453010
092230,KPX홀딩스,KOSPI,151010
092300,현우산업,KOSDAQ,
092440,기신정기,KOSPI,201060
092460,한라IMS,KOSDAQ,
092600,넥스트칩,KOSDAQ,
092730,네오팜,KOSDAQ,
092870,엑시콘,KOSDAQ,
093050,LF,KOSPI,252060
093190,빅솔론,KOSDAQ,
093230,이아이디,KOSPI,452015
093240,형지엘리트,KOSPI,252060
093320,케이아이엔엑스,KOSDAQ,
093370,후성,KOSPI,151010
093380,풍강,KOSDAQ,
093520,매커스,KOSDAQ,
093640,다믈멀티미디어,KOSDAQ,
093920,서원인텍,KOSDAQ,
094170,동운아나텍,KOSDAQ,
094190,이엘케이,KOSDAQ,
094280,효성ITX,KOSPI,202010
094360,칩스앤미디어,KOSDAQ,
094480,갤럭시아컴즈,KOSDAQ,
094800,맵스리얼티1,KOSPI,
094820,일진에너지,KOSDAQ,
094840,슈프리마에이치큐,KOSDAQ,
094850,참좋은레져,KOSDAQ,
094940,푸른기술,KOSDAQ,
094970,제이엠티,KOSDAQ,
095190,이엠코리아,KOSDAQ,
095270,웨이브일렉트로,KOSDAQ,
095340,ISC,KOSDAQ,
095500,미래나노텍,KOSDAQ,
095570,AJ네트웍스,KOSPI,
095610,테스,KOSDAQ,
095660,네오위즈,KOSDAQ,
095700,제넥신,KOSDAQ,
095720,웅진씽크빅,KOSPI,256010
095910,에스에너지,KOSDAQ,
096240,청담러닝,KOSDAQ,
096300,베트남개발1,KOSPI,
096350,대창솔루션,KOSDAQ,
096530,씨젠,KOSDAQ,
096610,알에프세미,KOSDAQ,
096630,에스코넥,KOSDAQ,
096640,멜파스,KOSDAQ,
096760,JW홀딩스,KOSPI,352020
096770,SK이노베이션,KOSPI,101020
096775,SK이노베이션우,KOSPI,
096870,엘디티,KOSDAQ,
097230,한진중공업,KOSPI,201065
097520,엠씨넥스,KOSDAQ,
097750,TREX 중소형가치,ETF,
097780,에스맥,KOSDAQ,
097800,윈팩,KOSDAQ,
097870,효성오앤비,KOSDAQ,
097950,CJ제일제당,KOSPI,302020
097955,CJ제일제당 우,KOSPI,
098120,마이크로컨텍솔,KOSDAQ,
098460,고영,KOSDAQ,
098560,TIGER 방송통신,ETF,
098660,에스티오,KOSDAQ,
099140,KODEX China H,ETF,
099190,아이센스,KOSDAQ,
099220,SDN,KOSDAQ,
099320,쎄트렉아이,KOSDAQ,
099340,하나니켈1호,KOSPI,
099350,하나니켈2호,KOSPI,
099410,동방선기,KOSDAQ,
099440,SMEC,KOSDAQ,
099520,ITX엠투엠,KOSDAQ,
099660,한솔신텍,KOSDAQ,
099830,씨그널엔터테인먼트그룹,KOSDAQ,
100030,모바일리더,KOSDAQ,
100090,삼강엠앤티,KOSDAQ,
100120,뷰웍스,KOSDAQ,
100130,동국S&C,KOSDAQ,
100220,비상교육,KOSPI,256010
100250,진양홀딩스,KOSPI,151010
100660,서암기계공업,KOSDAQ,
100700,세운메디칼,KOSDAQ,
100840,S&TC,KOSPI,201060
100910,KOSEF KRX100,ETF,
101000,디엠씨,KOSDAQ,
101060,SBS미디어홀딩스,KOSPI,254020
101140,아티스,KOSPI,252060
101160,월덱스,KOSDAQ,
101170,우림기계,KOSDAQ,
101240,씨큐브,KOSDAQ,
101280,KODEX 일본TOPIX100,ETF,
101330,모베이스,KOSDAQ,
101390,아이엠,KOSDAQ,
101400,네오피델리티,KOSDAQ,
101490,에스앤에스텍,KOSDAQ,
101530,해태제과식품,KOSPI,
101670,코리아에스이,KOSDAQ,
101680,한국정밀기계,KOSDAQ,
101730,조이맥스,KOSDAQ,
101930,인화정공,KOSDAQ,
102110,TIGER 200,ETF,
102120,어보브반도체,KOSDAQ,
102210,해덕파워웨이,KOSDAQ,
102260,동성코퍼레이션,KOSPI,151010
102280,쌍방울,KOSPI,252060
102460,이연제약,KOSPI,352020
102710,이엔에프테크놀로지,KOSDAQ,
102780,KODEX 삼성그룹,ETF,
102940,코오롱생명과학,KOSDAQ,
102960,KODEX 기계장비,ETF,
102970,KODEX 증권,ETF,
103130,웅진에너지,KOSPI,151010
103140,풍산,KOSPI,151040
103230,에스앤더블류,KOSDAQ,
103590,일진전기,KOSPI,201040
104040,대성파인텍,KOSDAQ,
104200,NHN벅스,KOSDAQ,
104460,동양피엔에프,KOSDAQ,
104480,티케이케미칼,KOSDAQ,
104520,KOSEF 블루칩,ETF,
104530,KOSEF 고배당,ETF,
104540,코렌텍,KOSDAQ,
104700,한국철강,KOSPI,151050
104830,원익머트리얼즈,KOSDAQ,
105010,TIGER 라틴35,ETF,
105190,KINDEX 200,ETF,
105330,케이엔더블유,KOSDAQ,
105560,KB금융,KOSPI,401010
105630,한세실업,KOSPI,252060
105740,디케이락,KOSDAQ,
105780,KBSTAR 5대그룹주,ETF,
105840,우진,KOSPI,201060
106080,하이소닉,KOSDAQ,
106190,하이텍팜,KOSDAQ,
106240,파인테크닉스,KOSDAQ,
106520,디지탈옵틱,KOSDAQ,
107590,미원홀딩스,KOSPI,151010
108230,톱텍,KOSDAQ,
108320,실리콘웍스,KOSDAQ,
108380,대양전기공업,KOSDAQ,
108450,KINDEX 삼성그룹섹터가중,ETF,
108590,TREX 200,ETF,
108670,LG하우시스,KOSPI,201025
108675,LG하우시스우,KOSPI,
108790,인터파크,KOSDAQ,
108860,셀바스AI,KOSDAQ,
109070,KGP,KOSPI,151060
109080,옵티시스,KOSDAQ,
109610,에스와이패널,KOSDAQ,
109740,디에스케이,KOSDAQ,
109820,진매트릭스,KOSDAQ,
109860,동일금속,KOSDAQ,
109960,에이프로젠 H&G,KOSDAQ,
110570,넥솔론,KOSPI,
111770,영원무역,KOSPI,252060
111820,처음앤씨,KOSDAQ,
111870,삼본정밀전자,KOSDAQ,
112040,위메이드,KOSDAQ,
112240,에스에프씨,KOSDAQ,
112610,씨에스윈드,KOSPI,201060
113810,디젠스,KOSDAQ,
114090,GKL,KOSPI,253010
114100,KBSTAR 국고채3년,ETF,
114120,크루셜텍,KOSDAQ,
114190,웰크론강원,KOSDAQ,
114260,KODEX 국고채3년,ETF,
114450,KPX생명과학,KOSDAQ,
114460,KINDEX 중기국고채,ETF,
114470,KOSEF 국고채3년,ETF,
114570,에스이티아이,KOSDAQ,
114630,우노앤컴퍼니,KOSDAQ,
114800,KODEX 인버스,ETF,
114810,아이원스,KOSDAQ,
114820,TIGER 국채3년,ETF,
115160,휴맥스,KOSDAQ,
115180,큐리언트,KOSDAQ,
115310,인포바인,KOSDAQ,
115390,락앤락,KOSPI,151030
115440,우리넷,KOSDAQ,
115450,디지탈아리아,KOSDAQ,
115480,씨유메디칼,KOSDAQ,
115500,케이씨에스,KOSDAQ,
115530,씨엔플러스,KOSDAQ,
115570,스타플렉스,KOSDAQ,
115610,이미지스,KOSDAQ,
115960,연우,KOSDAQ,
117460,KODEX 에너지화학,ETF,
117580,대성에너지,KOSPI,551020
117680,KODEX 철강,ETF,
117690,TIGER 차이나항셍25,ETF,
117700,KODEX 건설,ETF,
118000,우리들휴브레인,KOSPI,351010
119500,포메탈,KOSDAQ,
119610,인터로조,KOSDAQ,
119650,KC코트렐,KOSPI,201060
119830,아이텍반도체,KOSDAQ,
119850,지엔씨에너지,KOSDAQ,
119860,다나와,KOSDAQ,
120030,조선선재,KOSPI,151050
120110,코오롱인더,KOSPI,151010
120115,코오롱인더우,KOSPI,
120240,대정화금,KOSDAQ,
121440,골프존뉴딘,KOSDAQ,
121600,나노신소재,KOSDAQ,
121850,코이즈,KOSDAQ,
121890,에스디시스템,KOSDAQ,
122090,ARIRANG 코스피50,ETF,
122260,KOSEF 통안채1년,ETF,
122350,삼기오토모티브,KOSDAQ,
122450,KMH,KOSDAQ,
122630,KODEX 레버리지,ETF,
122690,서진오토모티브,KOSDAQ,
122800,썬텍,KOSDAQ,
122870,와이지엔터테인먼트,KOSDAQ,
122900,아이마켓코리아,KOSPI,202010
122990,와이솔,KOSDAQ,
123010,옵토팩,KOSDAQ,
123040,엠에스오토텍,KOSDAQ,
123100,테라세미콘,KOSDAQ,
123260,사파이어테크놀로지,KOSDAQ,
123310,TIGER 인버스,ETF,
123320,TIGER 레버리지,ETF,
123330,제닉,KOSDAQ,
123410,코리아에프티,KOSDAQ,
123420,하나그린스팩,KOSDAQ,
123570,이엠넷,KOSDAQ,
123690,한국화장품,KOSPI,252065
123700,SJM,KOSPI,251010
123750,알톤스포츠,KOSDAQ,
123840,키움스팩1호,KOSDAQ,
123860,아나패스,KOSDAQ,
123890,한국자산신탁,KOSPI,
124500,아이티센,KOSDAQ,
126560,현대에이치씨엔,KOSPI,254020
126600,코프라,KOSDAQ,
126640,화신정공,KOSDAQ,
126700,하이비젼시스템,KOSDAQ,
126870,뉴로스,KOSDAQ,
126880,제이엔케이히터,KOSDAQ,
127120,디엔에이링크,KOSDAQ,
127160,매직마이크로,KOSDAQ,
127710,아시아경제,KOSDAQ,
128660,피제이메탈,KOSDAQ,
128820,대성산업,KOSPI,101020
128940,한미약품,KOSPI,352020
129260,인터지스,KOSPI,203040
130500,GH신소재,KOSDAQ,
130580,나이스디앤비,KOSDAQ,
130660,한전산업,KOSPI,551010
130680,TIGER 원유선물Enhanced(H),ETF,
130730,KOSEF 단기자금,ETF,
130740,티피씨글로벌,KOSDAQ,
130960,CJ E&M,KOSDAQ,
131030,하이제1호스팩,KOSDAQ,
131090,시큐브,KOSDAQ,
131180,딜리,KOSDAQ,
131220,대한과학,KOSDAQ,
131290,티에스이,KOSDAQ,
131370,케이비게임앤앱스스팩,KOSDAQ,
131390,피앤이솔루션,KOSDAQ,
131400,액트,KOSDAQ,
131760,파인텍,KOSDAQ,
131890,KINDEX 삼성그룹동일가중,ETF,
131970,테스나,KOSDAQ,
132030,KODEX 골드선물(H),ETF,
133690,TIGER 미국나스닥100,ETF,
133750,메가엠디,KOSDAQ,
133820,화인베스틸,KOSPI,201065
134060,이퓨쳐,KOSDAQ,
134380,미원화학,KOSPI,151010
134580,디엠티,KOSDAQ,
134780,화진,KOSDAQ,
134790,팀스,KOSPI,201035
136280,KODEX 소비재,ETF,
136340,KBSTAR 중기우량회사채,ETF,
136480,하림,KOSDAQ,
136490,선진,KOSPI,302020
136510,쎄미시스코,KOSDAQ,
136540,윈스테크넷,KOSDAQ,
137400,피엔티,KOSDAQ,
137610,TIGER 농산물선물Enhanced(H),ETF,
137930,마이다스 200커버드콜,ETF,
137940,넥스트아이,KOSDAQ,
137950,제이씨케미칼,KOSDAQ,
138040,메리츠금융지주,KOSPI,404010
138070,신진에스엠,KOSDAQ,
138080,오이솔루션,KOSDAQ,
138230,KOSEF 미국달러선물,ETF,
138360,에이씨티,KOSDAQ,
138490,코오롱플라스틱,KOSPI,151010
138520,TIGER 삼성그룹펀더멘털,ETF,
138530,TIGER LG그룹+펀더멘털,ETF,
138540,TIGER 현대차그룹+펀더멘털,ETF,
138610,나이벡,KOSDAQ,
138690,엘아이에스,KOSDAQ,
138910,KODEX 구리선물(H),ETF,
138920,KODEX 콩선물(H),ETF,
138930,BNK금융지주,KOSPI,401010
139050,아이지스시스템,KOSDAQ,
139130,DGB금융지주,KOSPI,401010
139200,하이골드2호,KOSPI,
139220,TIGER 200 건설,ETF,
139230,TIGER 200 중공업,ETF,
139240,TIGER 200 철강소재,ETF,
139250,TIGER 200 에너지화학,ETF,
139260,TIGER 200 IT,ETF,
139270,TIGER 200 금융,ETF,
139280,TIGER 경기방어,ETF,
139290,TIGER 200 경기소비재,ETF,
139310,TIGER 금속선물(H),ETF,
139320,TIGER 금은선물(H),ETF,
139480,이마트,KOSPI,255030
139660,KOSEF 미국달러선물인버스,ETF,
139670,넥스트리밍,KOSDAQ,
140410,메지온,KOSDAQ,
140520,대창스틸,KOSDAQ,
140570,KBSTAR 수출주,ETF,
140580,KBSTAR 우량업종,ETF,
140700,KODEX 보험,ETF,
140710,KODEX 운송,ETF,
140860,파크시스템스,KOSDAQ,
140890,트러스제7호,KOSPI,
140950,파워 코스피100,ETF,
141000,비아트론,KOSDAQ,
141020,포티스,KOSDAQ,
141070,맥스로텍,KOSDAQ,
141080,레고켐바이오,KOSDAQ,
141240,ARIRANG 코스피100동일가중,ETF,
142210,유니트론텍,KOSDAQ,
142280,녹십자엠에스,KOSDAQ,
142760,바이오리더스,KOSDAQ,
143160,아이디스,KOSDAQ,
143210,핸즈코퍼레이션,KOSPI,
143240,사람인에이치알,KOSDAQ,
143460,KINDEX 밸류대형,ETF,
143540,영우디에스피,KOSDAQ,
143850,TIGER 미국S&P500선물(H),ETF,
143860,TIGER 헬스케어,ETF,
144510,녹십자랩셀,KOSDAQ,
144600,KODEX 은선물(H),ETF,
144620,코오롱머티리얼,KOSPI,252060
144960,뉴파워프라즈마,KOSDAQ,
145020,휴젤,KOSDAQ,
145270,케이탑리츠,KOSPI,
145670,KINDEX 인버스,ETF,
145850,TREX 펀더멘탈 200,ETF,
145990,삼양사,KOSPI,302020
145995,삼양사우,KOSPI,
147760,마이크로프랜드,KOSDAQ,
147830,제룡산업,KOSDAQ,
147970,TIGER 모멘텀,ETF,
148020,KBSTAR 200,ETF,
148070,KOSEF 국고채10년,ETF,
148250,알엔투테크놀로지,KOSDAQ,
149940,모다,KOSDAQ,
149950,아바텍,KOSDAQ,
149980,하이로닉,KOSDAQ,
150460,TIGER 중국소비테마,ETF,
150840,인트로메딕,KOSDAQ,
150900,파수닷컴,KOSDAQ,
152100,ARIRANG 200,ETF,
152180,TIGER 생활필수품,ETF,
152280,KOSEF 200,ETF,
152330,코리아오토글라스,KOSPI,
152380,KODEX 국채선물10년,ETF,
152500,KINDEX 레버리지,ETF,
152550,한국ANKOR유전,KOSPI,
152870,파워 200,ETF,
153130,KODEX 단기채권,ETF,
153270,KOSEF 코스피100,ETF,
153360,하이골드3호,KOSPI,
153460,네이블,KOSDAQ,
153490,우리이앤엘,KOSDAQ,
154040,솔루에타,KOSDAQ,
155650,와이엠씨,KOSDAQ,
155660,DSR,KOSPI,151010
155900,바다로19호,KOSPI,
155960,지디,KOSDAQ,
156080,KODEX KOREA MSCI,ETF,
156100,엘앤케이바이오,KOSDAQ,
157450,TIGER 단기통안채,ETF,
157490,TIGER 소프트웨어,ETF,
157500,TIGER 증권,ETF,
157510,TIGER 자동차,ETF,
157520,TIGER 화학,ETF,
158310,인터불스,KOSDAQ,
159580,제로투세븐,KOSDAQ,
159650,하이골드8호,KOSPI,
159800,마이티 코스피100,ETF,
159910,스킨앤스킨,KOSDAQ,
160550,NEW,KOSDAQ,
160580,TIGER 구리실물,ETF,
160600,에스엔텍,KOSDAQ,
160980,싸이맥스,KOSDAQ,
161000,애경유화,KOSPI,151010
161390,한국타이어,KOSPI,251010
161490,ARIRANG 경기방어주,ETF,
161500,ARIRANG 경기주도주,ETF,
161510,ARIRANG 고배당주,ETF,
161570,미동앤씨네마,KOSDAQ,
161890,한국콜마,KOSPI,252065
163560,동일고무벨트,KOSPI,251010
166400,TIGER 200커버드C,ETF,
166480,코아스템,KOSDAQ,
167860,KOSEF 국고채10년레버리지,ETF,
168300,KTOP 코스피50,ETF,
168330,내츄럴엔도텍,KOSDAQ,
168490,한국패러랠,KOSPI,
168580,KINDEX 중국본토CSI300,ETF,
169950,KODEX 중국본토 A50,ETF,
170030,현대공업,KOSDAQ,
170350,TIGER 베타플러스,ETF,
170900,동아에스티,KOSPI,352020
170920,엘티씨,KOSDAQ,
171010,램테크놀러지,KOSDAQ,
171120,라이온켐텍,KOSDAQ,
173940,에프엔씨엔터,KOSDAQ,
174350,TIGER 로우볼,ETF,
174360,KBSTAR 중국본토대형주CSI100,ETF,
174880,장원테크,KOSDAQ,
175140,인포마크,KOSDAQ,
175330,JB금융지주,KOSPI,401010
176440,에이치엔티,KOSDAQ,
176710,파워 중기국고채,ETF,
176950,KODEX 국채선물10년인버스,ETF,
177350,베셀,KOSDAQ,
177830,파버나인,KOSDAQ,
178780,유테크,KOSDAQ,
178920,SKC코오롱PI,KOSDAQ,
180400,엠지메드,KOSDAQ,
180640,한진칼,KOSPI,203020
18064K,한진칼우,KOSPI,
181480,KINDEX 미국다우존스리츠(합성 H),ETF,
181710,NHN엔터테인먼트,KOSPI,451035
182400,에이티젠,KOSDAQ,
182480,TIGER 미국MSCI리츠(합성 H),ETF,
182490,TIGER 단기선진하이일드(합성 H),ETF,
182690,테라셈,KOSDAQ,
183190,아세아시멘트,KOSPI,201025
183700,KBSTAR 채권혼합,ETF,
183710,KBSTAR 주식혼합,ETF,
185490,아이진,KOSDAQ,
185680,KODEX 미국S&P바이오(합성),ETF,
185750,종근당,KOSPI,352020
187220,디티앤씨,KOSDAQ,
187270,신화콘텍,KOSDAQ,
187420,제노포커스,KOSDAQ,
187790,나노,KOSDAQ,
189300,인텔리안테크,KOSDAQ,
189400,ARIRANG 글로벌MSCI(합성 H),ETF,
189690,포시에스,KOSDAQ,
189860,서전기전,KOSDAQ,
189980,흥국에프엔비,KOSDAQ,
190150,ARIRANG 바벨 채권,ETF,
190160,ARIRANG 단기유동성,ETF,
190510,나무가,KOSDAQ,
190620,KINDEX 단기통안채,ETF,
191410,육일씨엔에쓰,KOSDAQ,
191420,테고사이언스,KOSDAQ,
192080,더블유게임즈,KOSDAQ,
192090,TIGER 차이나CSI300,ETF,
192390,윈하이텍,KOSDAQ,
192400,쿠쿠전자,KOSPI,252040
192410,감마누,KOSDAQ,
192440,슈피겐코리아,KOSDAQ,
192530,광주은행,KOSPI,401010
192720,파워 고배당저변동성,ETF,
192820,코스맥스,KOSPI,252065
193250,와이제이엠게임즈,KOSDAQ,
194370,제이에스코퍼레이션,KOSPI,
194480,데브시스터즈,KOSDAQ,
194510,파티게임즈,KOSDAQ,
194610,우성아이비,KOSDAQ,
195870,해성디에스,KOSPI,
195920,TIGER 일본TOPIX(합성 H),ETF,
195930,TIGER 유로스탁스50(합성 H),ETF,
195970,ARIRANG 선진국MSCI(합성 H),ETF,
195980,ARIRANG 신흥국MSCI(합성 H),ETF,
195990,유지인트,KOSDAQ,
196030,KINDEX 일본TOPIX레버리지(H),ETF,
196170,알테오젠,KOSDAQ,
196220,KBSTAR 일본TOPIX레버리지(H),ETF,
196230,KBSTAR 단기통안채,ETF,
196300,애니젠,KOSDAQ,
196450,온다 엔터테인먼트,KOSDAQ,
196490,디에이테크놀로지,KOSDAQ,
196700,웹스,KOSDAQ,
197210,리드,KOSDAQ,
198440,엔에이치스팩3호,KOSDAQ,
200020,KODEX 미국S&P IT(합성),ETF,
200030,KODEX 미국S&P산업재(합성),ETF,
200040,KODEX 미국S&P금융(합성),ETF,
200050,KODEX 독일MSCI(합성),ETF,
200130,콜마비앤에이치,KOSDAQ,
200230,텔콘,KOSDAQ,
200250,KOSEF 인도Nifty50(합성),ETF,
200470,하이셈,KOSDAQ,
200670,휴메딕스,KOSDAQ,
200710,에이디테크놀로지,KOSDAQ,
200780,비씨월드제약,KOSDAQ,
200880,서연이화,KOSPI,251010
201490,미투온,KOSDAQ,
203450,유니온커뮤니티,KOSDAQ,
203650,드림시큐리티,KOSDAQ,
203690,프로스테믹스,KOSDAQ,
203780,TIGER 미국나스닥바이오,KOSPI,
204210,모두투어리츠,KOSPI,
204320,만도,KOSPI,251010
204420,ARIRANG 차이나H 레버리지(합성 H),KOSPI,
204440,대우스팩2호,KOSDAQ,
204450,KODEX China H 레버리지(H),KOSPI,
204480,TIGER 차이나CSI300레버리지(합성),KOSPI,
204620,유안타제1호스팩,KOSDAQ,
204630,화이브라더스,KOSDAQ,
204650,케이티비스팩1호,KOSDAQ,
204760,현대에이블스팩1호,KOSDAQ,
204840,지엘팜텍,KOSDAQ,
204990,현성바이탈,KOSDAQ,
205100,엑셈,KOSDAQ,
205470,하이제2호스팩,KOSDAQ,
205500,액션스퀘어,KOSDAQ,
205720,KINDEX 일본TOPIX인버스(합성 H),KOSPI,
206400,엔터메이트,KOSDAQ,
206560,덱스터,KOSDAQ,
206640,바디텍메드,KOSDAQ,
206660,골든브릿지제2호스팩,KOSDAQ,
207720,엔에이치SL스팩,KOSDAQ,
207760,미스터블루,KOSDAQ,
207930,SK1호스팩,KOSDAQ,
207940,삼성바이오로직스,KOSPI,
208140,정다운,KOSDAQ,
208350,지란지교시큐리티,KOSDAQ,
208370,셀바스헬스케어,KOSDAQ,
208470,SMART 선진국MSCI World(합성 H),KOSPI,
208640,썸에이지,KOSDAQ,
208710,바이오로그디바이스,KOSDAQ,
208860,엔지스테크널러지,KOSDAQ,
208870,하나머스트3호스팩,KOSDAQ,
210540,디와이파워,KOSPI,
210780,TIGER 코스피고배당,KOSPI,
210980,SK디앤디,KOSPI,
211210,마이티 코스피고배당,KOSPI,
211260,KINDEX 배당성장,KOSPI,
211270,AP위성,KOSDAQ,
211560,TIGER 배당성장,KOSPI,
211900,KODEX 배당성장,KOSPI,
212560,네오오토,KOSDAQ,
213090,미래테크놀로지,KOSDAQ,
213420,덕산네오룩스,KOSDAQ,
213500,한솔제지,KOSPI,
213610,KODEX 삼성그룹밸류,KOSPI,
213630,ARIRANG 미국다우존스고배당주(합성 H),KOSPI,
214150,케이티비스팩2호,KOSDAQ,
214180,민앤지,KOSDAQ,
214320,이노션,KOSPI,
214330,금호에이치티,KOSPI,
214370,케어젠,KOSDAQ,
214390,경보제약,KOSPI,
214420,토니모리,KOSPI,
214430,아이쓰리시스템,KOSDAQ,
214450,파마리서치프로덕트,KOSDAQ,
214680,디알텍,KOSDAQ,
214870,에치디프로,KOSDAQ,
215000,골프존,KOSDAQ,
215090,유진에이씨피씨스팩2호,KOSDAQ,
215100,하나머스트4호스팩,KOSDAQ,
215200,메가스터디교육,KOSDAQ,
215360,우리산업,KOSDAQ,
215380,우정비에스씨,KOSDAQ,
215480,토박스코리아,KOSDAQ,
215580,대우스팩3호,KOSDAQ,
215600,신라젠,KOSDAQ,
215750,미래에셋제3호스팩,KOSDAQ,
215790,엔에이치스팩5호,KOSDAQ,
216050,인크로스,KOSDAQ,
217190,제너셈,KOSDAQ,
217500,하이제3호스팩,KOSDAQ,
217600,켐온,KOSDAQ,
217620,한화ACPC스팩,KOSDAQ,
217730,강스템바이오텍,KOSDAQ,
217770,TIGER 원유선물인버스(H),ETF,
217780,TIGER 차이나CSI300인버스(합성),ETF,
217790,TIGER 가격조정,ETF,
217810,엔에이치스팩7호,KOSDAQ,
217820,엔에스,KOSDAQ,
218150,하나머스트5호스팩,KOSDAQ,
218410,엔에이치스팩8호,KOSDAQ,
218420,KODEX 미국S&P에너지(합성),ETF,
218710,키움스팩3호,KOSDAQ,
219130,타이거일렉,KOSDAQ,
219390,KBSTAR 미국S&P원유생산기업(합성 H),ETF,
219480,KODEX 미국S&P500선물(H),ETF,
219550,한강인터트레이드,KOSDAQ,
219580,골든브릿지제3호스팩,KOSDAQ,
219860,한화에이스스팩2호,KOSDAQ,
219900,KINDEX 중국본토CSI300레버리지(합성),ETF,
219960,유안타제2호스팩,KOSDAQ,
220100,퓨쳐켐,KOSDAQ,
220130,SMART 중국본토 중소형 CSI500(합성 H),ETF,
220180,핸디소프트,KOSDAQ,
220260,케이프이에스스팩,KOSDAQ,
220630,해마로푸드서비스,KOSDAQ,
221200,유진스팩3호,KOSDAQ,
221610,한솔씨앤피,KOSDAQ,
221840,하이즈항공,KOSDAQ,
221950,케이비드림3호스팩,KOSDAQ,
221980,케이디켐,KOSDAQ,
222040,뉴트리바이오텍,KOSDAQ,
222080,씨아이에스,KOSDAQ,
222110,팬젠,KOSDAQ,
222170,ARIRANG S&P한국배당성장,ETF,
222180,ARIRANG 스마트베타 Value,ETF,
222190,ARIRANG 스마트베타 Momentum,ETF,
222200,ARIRANG 스마트베타 Quality,ETF,
222390,케이비제8호스팩,KOSDAQ,
222420,쎄노텍,KOSDAQ,
222800,심텍,KOSDAQ,
222810,닉스테크,KOSDAQ,
222980,한국맥널티,KOSDAQ,
223040,교보5호스팩,KOSDAQ,
223190,KODEX 200가치저변동,ETF,
223310,이에스브이,KOSDAQ,
224060,코디엠,KOSDAQ,
224110,에이텍티앤,KOSDAQ,
225030,TIGER 미국S&P500선물인버스(H),ETF,
225040,TIGER 미국S&P500레버리지(합성 H),ETF,
225050,TIGER 유로스탁스레버리지(합성 H),ETF,
225060,TIGER 이머징마켓MSCI레버리지(합성 H),ETF,
225130,KINDEX 골드선물 레버리지(합성 H),ETF,
225330,씨엠에스에듀,KOSDAQ,
225430,IBKS제3호스팩,KOSDAQ,
225440,이베스트스팩3호,KOSDAQ,
225530,보광산업,KOSDAQ,
225570,엔에이치스팩9호,KOSDAQ,
225590,신영스팩2호,KOSDAQ,
225650,쿠첸,KOSDAQ,
225800,KOSEF 미국달러선물 레버리지(합성),ETF,
226320,잇츠스킨,KOSPI,
226340,에이치엠씨3호스팩,KOSDAQ,
226350,아이엠텍,KOSDAQ,
226360,케이비드림4호스팩,KOSDAQ,
226380,KINDEX 한류,ETF,
226440,동부스팩3호,KOSDAQ,
226490,KODEX 코스피,ETF,
226810,파워 단기채,ETF,
226850,키움스팩4호,KOSDAQ,
226980,KODEX 200 중소형,ETF,
227540,TIGER 200 헬스케어,ETF,
227550,TIGER 200 산업재,ETF,
227560,TIGER 200 생활소비재,ETF,
227570,TIGER 우량가치,ETF,
227830,ARIRANG 코스피,KOSPI,
227840,현대코퍼레이션홀딩스,KOSPI,
227930,KINDEX 코스닥 150,ETF,
228340,동양파일,KOSDAQ,
228790,TIGER 화장품,ETF,
228800,TIGER 여행레저,ETF,
228810,TIGER 미디어컨텐츠,ETF,
228820,TIGER KTOP30,ETF,
228850,레이언스,KOSDAQ,
229200,KODEX 코스닥 150,ETF,
229640,LS전선아시아,KOSPI,
229720,KODEX KTOP30,ETF,
230240,하나금융7호스팩,KOSDAQ,
230360,에코마케팅,KOSDAQ,
230480,KOSEF 미국달러선물 인버스2X(합성),ETF,
230490,동부제4호스팩,KOSDAQ,
232080,TIGER 코스닥150,ETF,
232140,와이아이케이,KOSDAQ,
232270,케이비제9호스팩,KOSDAQ,
232590,KINDEX 골드선물 인버스2X(합성 H),KOSPI,
233160,TIGER 코스닥150 레버리지,KOSPI,
233740,KODEX 코스닥150 레버리지,KOSPI,
234080,JW생명과학,KOSPI,
234310,KBSTAR V&S셀렉트밸류,KOSPI,
234790,KINDEX 코스닥150 레버리지,KOSPI,
234920,자이글,KOSDAQ,
235010,하이에이아이1호스팩,KOSDAQ,
236200,슈프리마,KOSDAQ,
236460,ARIRANG 스마트베타 LowVOL,KOSPI,
237350,KODEX 코스피100,KOSPI,
237370,KODEX 배당성장채권혼합,KOSPI,
237440,TIGER 경기방어채권혼합,KOSPI,
237690,에스티팜,KOSDAQ,
237750,피앤씨테크,KOSDAQ,
237880,클리오,KOSDAQ,
238090,앤디포스,KOSDAQ,
238120,로고스바이오,KOSDAQ,
238670,ARIRANG 스마트베타Quality채권혼합,KOSPI,
238720,KINDEX 일본Nikkei225(H),KOSPI,
239610,에이치엘사이언스,KOSDAQ,
239660,ARIRANG 우량회사채50 1년,KOSPI,
240810,원익IPS,KOSDAQ,
241180,TIGER 일본니케이225,KOSPI,
241390,KBSTAR V&S셀렉트밸류채권혼합,KOSPI,
241520,DSC인베스트먼트,KOSDAQ,
241560,두산밥캣,KOSPI,
241590,화승엔터프라이즈,KOSPI,
241690,유니테크노,KOSDAQ,
241710,코스메카코리아,KOSDAQ,
241790,오션브릿지,KOSDAQ,
243070,휴온스,KOSDAQ,
246690,티에스인베스트먼트,KOSDAQ,
248170,샘표식품,KOSPI,
249420,일동제약,KOSPI,
500003,신한 인버스 WTI원유 선물 ETN(H),ETF,
500005,신한 인버스 브렌트원유 선물 ETN(H),ETF,
500006,신한 인버스 금 선물 ETN(H),ETF,
500007,신한 인버스 은 선물 ETN(H),ETF,
500008,신한 인버스 구리 선물 ETN(H),ETF,
500009,신한 다우존스지수 선물 ETN(H),ETF,
500010,신한 인버스 다우존스지수 선물 ETN(H),ETF,
500011,신한 달러인덱스 선물 ETN(H),ETF,
500012,신한 인버스 달러인덱스 선물 ETN(H),ETF,
500013,신한 옥수수 선물 ETN(H),ETF,
500014,신한 인버스 옥수수 선물 ETN(H),ETF,
500015,신한 WTI원유 선물 ETN(H),ETF,
500016,신한 금 선물 ETN(H),ETF,
500017,신한 은 선물 ETN(H),ETF,
520002,대우 차이나 대표주 15 ETN(H),ETF,
520003,대우 원자재 선물 ETN(H),ETF,
530002,삼성 인버스 China A50 선물 ETN(H),ETF,
530003,삼성 모멘텀 탑픽 ETN,ETF,
530004,삼성 화장품 테마주 ETN,ETF,
530005,삼성 바이오 테마주 ETN,ETF,
530006,삼성 음식료 테마주 ETN,ETF,
530007,삼성 레저 테마주 ETN,ETF,
530008,삼성 미디어 테마주 ETN,ETF,
530009,삼성 증권 테마주 ETN,ETF,
530010,삼성 건축자재 테마주 ETN,ETF,
530011,삼성 온라인쇼핑 테마주 ETN,ETF,
530012,삼성 화학 테마주 ETN,ETF,
550003,octo 스마트리밸런싱 250/3 ETN,ETF,
550004,octo 롱숏 K150 매수 로우볼 매도 ETN,ETF,
550005,octo 에너지 TOP5 ETN,ETF,
550006,octo 내수소비 TOP5 ETN,ETF,
550007,octo 조선 TOP5 ETN,ETF,
550008,octo 소프트웨어 TOP5 ETN,ETF,
550009,octo 하드웨어 TOP5 ETN,ETF,
550010,octo 운송 TOP5 ETN,ETF,
550011,octo 자동차 TOP5 ETN,ETF,
550012,octo 의료 TOP5 ETN,ETF,
550013,octo 화학 TOP5 ETN,ETF,
550014,octo 바이오 TOP5 ETN,ETF,
550015,octo 제약 TOP5 ETN,ETF,
550016,octo 건설 TOP5 ETN,ETF,
570003,TRUE 빅5 동일가중 ETN,ETF,
570004,TRUE 인버스 유로스탁스50 ETN(H),ETF,
570005,TRUE 목표변동성20 코스피선물 ETN,ETF,
570006,TRUE 인버스 차이나H ETN(H),ETF,
570007,TRUE 위안화 중국5년국채 ETN,ETF,
580003,able Monthly Best 11 ETN,ETF,
580004,able KQ Monthly Best 11 ETN,ETF,
580005,able 우량주 Monthly Best 11 ETN,ETF,
900040,차이나그레이트,KOSDAQ,
900070,글로벌에스엠,KOSDAQ,
900080,에스앤씨엔진그룹,KOSDAQ,
900090,차이나하오란,KOSDAQ,
900100,뉴프라이드,KOSDAQ,
900110,이스트아시아홀딩스,KOSDAQ,
900120,차이나킹,KOSDAQ,
900130,웨이포트,KOSDAQ,
900140,코라오홀딩스,KOSPI,251020
900250,크리스탈신소재,KOSDAQ,
900260,로스웰,KOSDAQ,
900270,헝셩그룹,KOSDAQ,
900280,골든센츄리,KOSDAQ,
900290,GRT,KOSDAQ,
900300,오가닉티코스메틱,KOSDAQ,
950110,SBI액시즈,KOSDAQ,
950130,엑세스바이오(Reg.S),KOSDAQ,
950140,잉글우드랩(Reg.S),KOSDAQ,
DAX,DAX,INDEX,
DJI,다우존스,INDEX,
FTSE,FTSE,INDEX,
FUT,선물,INDEX,
KOSDAQ,KOSDAQ,INDEX,
KOSPI,KOSPI,INDEX,
NASDAQ,NASDAQ,INDEX,
NIKKEI,NIKKEI,INDEX,
SSE,SSE,INDEX,
